--
-- PostgreSQL database dump
--

-- Dumped from database version 15.10
-- Dumped by pg_dump version 17.2 (Postgres.app)

SET statement_timeout = 0;
SET lock_timeout = 0;
SET idle_in_transaction_session_timeout = 0;
SET transaction_timeout = 0;
SET client_encoding = 'UTF8';
SET standard_conforming_strings = on;
SELECT pg_catalog.set_config('search_path', '', false);
SET check_function_bodies = false;
SET xmloption = content;
SET client_min_messages = warning;
SET row_security = off;

--
-- Name: heroku_ext; Type: SCHEMA; Schema: -; Owner: default
--

CREATE SCHEMA heroku_ext;


ALTER SCHEMA heroku_ext OWNER TO "default";

--
-- Name: pg_stat_statements; Type: EXTENSION; Schema: -; Owner: -
--

CREATE EXTENSION IF NOT EXISTS pg_stat_statements WITH SCHEMA heroku_ext;


--
-- Name: EXTENSION pg_stat_statements; Type: COMMENT; Schema: -; Owner: 
--

COMMENT ON EXTENSION pg_stat_statements IS 'track planning and execution statistics of all SQL statements executed';


--
-- Name: uuid-ossp; Type: EXTENSION; Schema: -; Owner: -
--

CREATE EXTENSION IF NOT EXISTS "uuid-ossp" WITH SCHEMA public;


--
-- Name: EXTENSION "uuid-ossp"; Type: COMMENT; Schema: -; Owner: 
--

COMMENT ON EXTENSION "uuid-ossp" IS 'generate universally unique identifiers (UUIDs)';


SET default_tablespace = '';

SET default_table_access_method = heap;

--
-- Name: clients; Type: TABLE; Schema: public; Owner: default
--

CREATE TABLE public.clients (
    client_id uuid DEFAULT public.uuid_generate_v4() NOT NULL,
    company_id uuid NOT NULL,
    phone character varying(100) NOT NULL,
    email character varying(255),
    name character varying(255),
    description text,
    created timestamp without time zone DEFAULT CURRENT_TIMESTAMP
);


ALTER TABLE public.clients OWNER TO "default";

--
-- Name: company; Type: TABLE; Schema: public; Owner: default
--

CREATE TABLE public.company (
    company_id uuid DEFAULT public.uuid_generate_v4() NOT NULL,
    created timestamp without time zone DEFAULT CURRENT_TIMESTAMP,
    company_name character varying(100) DEFAULT 'company name'::character varying
);


ALTER TABLE public.company OWNER TO "default";

--
-- Name: points; Type: TABLE; Schema: public; Owner: default
--

CREATE TABLE public.points (
    point_id uuid DEFAULT public.uuid_generate_v4() NOT NULL,
    company_id uuid NOT NULL,
    name character varying(255) NOT NULL,
    description text,
    created timestamp without time zone DEFAULT CURRENT_TIMESTAMP,
    phone_number character varying(100)
);


ALTER TABLE public.points OWNER TO "default";

--
-- Name: test; Type: TABLE; Schema: public; Owner: default
--

CREATE TABLE public.test (
    created timestamp without time zone DEFAULT CURRENT_TIMESTAMP
);


ALTER TABLE public.test OWNER TO "default";

--
-- Name: tickets; Type: TABLE; Schema: public; Owner: default
--

CREATE TABLE public.tickets (
    ticket_id uuid DEFAULT public.uuid_generate_v4() NOT NULL,
    point_id uuid NOT NULL,
    company_id uuid NOT NULL,
    name character varying(255),
    description text NOT NULL,
    status character varying(40) DEFAULT 'inbox'::character varying NOT NULL,
    created timestamp without time zone DEFAULT CURRENT_TIMESTAMP,
    device_sn character varying(255) NOT NULL,
    paid numeric DEFAULT 0,
    note text,
    last_part_payment numeric DEFAULT 0,
    priority character varying(10) DEFAULT 'medium'::character varying,
    assigned_at uuid,
    guarantee_till timestamp without time zone,
    client_id uuid,
    CONSTRAINT check_status_values CHECK (((status)::text = ANY (ARRAY[('inbox'::character varying)::text, ('in progress'::character varying)::text, ('done'::character varying)::text, ('paid'::character varying)::text, ('cancelled'::character varying)::text, ('hold'::character varying)::text, ('ask client'::character varying)::text]))),
    CONSTRAINT tickets_priority_check CHECK (((priority)::text = ANY (ARRAY[('low'::character varying)::text, ('high'::character varying)::text, ('medium'::character varying)::text]))),
    CONSTRAINT tickets_status_check CHECK (((status)::text = ANY (ARRAY[('inbox'::character varying)::text, ('in progress'::character varying)::text, ('done'::character varying)::text, ('paid'::character varying)::text, ('cancelled'::character varying)::text, ('hold'::character varying)::text, ('ask client'::character varying)::text])))
);


ALTER TABLE public.tickets OWNER TO "default";

--
-- Name: tickets_users; Type: TABLE; Schema: public; Owner: default
--

CREATE TABLE public.tickets_users (
    ticket_user_id uuid DEFAULT public.uuid_generate_v4() NOT NULL,
    ticket_id uuid NOT NULL,
    user_id uuid NOT NULL,
    assigned_at timestamp without time zone DEFAULT CURRENT_TIMESTAMP
);


ALTER TABLE public.tickets_users OWNER TO "default";

--
-- Name: users; Type: TABLE; Schema: public; Owner: default
--

CREATE TABLE public.users (
    user_id uuid DEFAULT public.uuid_generate_v4() NOT NULL,
    company_id uuid NOT NULL,
    role character varying(40) DEFAULT 'employee'::character varying NOT NULL,
    email character varying(255) NOT NULL,
    password character varying(255) NOT NULL,
    name character varying(255),
    created timestamp without time zone DEFAULT CURRENT_TIMESTAMP,
    phone character varying(100),
    description text,
    is_active boolean DEFAULT true,
    CONSTRAINT users_role_check CHECK (((role)::text = ANY (ARRAY[('employee'::character varying)::text, ('owner'::character varying)::text])))
);


ALTER TABLE public.users OWNER TO "default";

--
-- Data for Name: clients; Type: TABLE DATA; Schema: public; Owner: default
--

COPY public.clients (client_id, company_id, phone, email, name, description, created) FROM stdin;
86dbae48-cc9a-405f-8c62-c79bbf0fc243	8b5d23a5-52be-4098-bd47-0918b0d130b6	55555555555	\N	\N	\N	2023-10-31 15:59:48.970929
3b318a86-8bf1-4419-96f0-c535a18d5c77	8b5d23a5-52be-4098-bd47-0918b0d130b6	444444440	storozhukua@gmail.com	\N	\N	2023-10-31 16:10:11.826639
f633dc06-a493-474d-bdaf-0c8c3e6ef305	8b5d23a5-52be-4098-bd47-0918b0d130b6	1111122233333	storozhukua@gmail.com	\N	\N	2023-11-01 10:21:48.671827
06c196a2-78ce-448c-bc98-97576962145f	8b5d23a5-52be-4098-bd47-0918b0d130b6	333333333328	\N	\N	\N	2023-11-01 10:24:45.083305
771f5e76-db32-43b7-8d90-5118a47f70e0	8b5d23a5-52be-4098-bd47-0918b0d130b6	11111111111	\N	\N	\N	2023-11-01 10:25:38.767759
891a59af-d8b6-4ea1-8db0-d3549f90c205	8b5d23a5-52be-4098-bd47-0918b0d130b6	333333334438	\N	\N	\N	2023-11-01 10:27:57.603286
a77185dc-df9f-420c-bf46-8875b79bf002	8b5d23a5-52be-4098-bd47-0918b0d130b6	44444444436	\N	\N	\N	2023-11-01 10:29:06.872882
9fcad86e-c784-4433-b1c9-015340c512a4	8b5d23a5-52be-4098-bd47-0918b0d130b6	45353532554543	\N	\N	\N	2023-11-01 10:33:04.213756
99facd1f-8b8a-40ed-bfb0-324d8f3bf6ab	8b5d23a5-52be-4098-bd47-0918b0d130b6	4338444444	\N	\N	\N	2023-11-01 10:35:33.327403
bf157fb3-1e25-42dd-8ad0-dfb31991172b	8b5d23a5-52be-4098-bd47-0918b0d130b6	3232323226	\N	\N	\N	2023-11-01 10:36:54.397543
3caa6fd3-fb62-4fd6-a07e-2f94eab09287	8b5d23a5-52be-4098-bd47-0918b0d130b6	4444444440	\N	\N	\N	2023-11-01 11:09:47.59818
777f2c32-3ab0-48d2-9d90-ce9a73bc8921	8b5d23a5-52be-4098-bd47-0918b0d130b6	544555444				2023-11-01 11:11:41.196956
92d425cb-b70a-4a9a-8cc0-29fc26010feb	8b5d23a5-52be-4098-bd47-0918b0d130b6	42344222222				2023-11-01 11:14:31.962787
622e7a61-d54a-478b-9773-f00fcefde769	8b5d23a5-52be-4098-bd47-0918b0d130b6	2323228333	storozhukua@gmail.com	ss		2023-11-01 11:22:22.907645
10cb0869-1684-43ca-bcaf-b9051dad5e8c	8b5d23a5-52be-4098-bd47-0918b0d130b6	45454545447	storozhukua@gmail.com			2023-11-01 11:34:35.679759
66c1afd4-995c-4479-bacb-7b3bd373f397	8b5d23a5-52be-4098-bd47-0918b0d130b6	3233193328	storozhukua@gmail.com			2023-11-01 11:38:49.812605
066b24fc-64e6-44c0-8ff0-648ebe41d5dc	8b5d23a5-52be-4098-bd47-0918b0d130b6	99123249972	test@gmail.com	Yrii		2023-11-01 15:47:09.736328
a9a5dd34-1859-4f74-b655-8e77dc9ee7fd	8b5d23a5-52be-4098-bd47-0918b0d130b6	44444444433				2023-11-01 15:56:03.841643
3f66ed9a-42da-4cb7-a147-4b702bef74bb	8b5d23a5-52be-4098-bd47-0918b0d130b6	44444444431				2023-11-01 16:04:44.145674
c4145b05-a6c9-439d-9142-bf610761d365	8b5d23a5-52be-4098-bd47-0918b0d130b6	44444444434				2023-11-01 16:15:38.294778
1264cfe6-0b29-4155-8135-3404792003b9	8b5d23a5-52be-4098-bd47-0918b0d130b6	2323232333				2023-11-01 17:28:54.090047
f0375fc3-c912-4df4-bda0-5f1baf1f34fb	8b5d23a5-52be-4098-bd47-0918b0d130b6	323232323232321				2023-11-01 17:30:48.890197
f2ff17c3-75a1-4df5-b6cb-7e188904dd72	8b5d23a5-52be-4098-bd47-0918b0d130b6	3232322722				2023-11-01 19:11:37.233666
3c05fcc4-1cfc-4038-93e7-2b78f373cf2c	0937b068-40ec-4e37-8ca4-cb6afa6dfb51	0991232499				2023-11-01 19:34:19.868584
9a1bfbb8-0895-4ac1-83cb-a23a8c160584	8b5d23a5-52be-4098-bd47-0918b0d130b6	test				2023-11-02 17:49:30.926448
4408b211-3d82-4425-891f-79633ace65ba	8b5d23a5-52be-4098-bd47-0918b0d130b6	3232323232320000000999				2023-11-02 19:13:02.646851
87f9841d-b3da-4bc6-b321-4243376f58b4	8b5d23a5-52be-4098-bd47-0918b0d130b6	66666767767676767676767676767667676454545454				2023-11-02 19:31:44.239619
936a35dc-e278-4691-94f6-ea80d5a3aedf	8b5d23a5-52be-4098-bd47-0918b0d130b6	21121213243434377777				2023-11-02 19:41:16.741947
19b69a15-7a5b-42c5-be59-c3f79ffda85b	8b5d23a5-52be-4098-bd47-0918b0d130b6	0961232499	olena@gmail.com	Olena		2023-11-03 13:42:43.259603
a1f97281-fbb8-450b-8926-2206397c43a1	8b5d23a5-52be-4098-bd47-0918b0d130b6	09988812344	lio@gmail.com	Lionid		2023-11-03 14:35:56.443329
e53112a3-380a-44c7-9aa7-951f39ce858b	8b5d23a5-52be-4098-bd47-0918b0d130b6	991232494	qqq@dfd.rr	ivan	ivan lviv	2023-11-04 09:12:42.757067
7d6db803-50c3-47f9-aef4-e3663dda1a46	8b5d23a5-52be-4098-bd47-0918b0d130b6	0991232222	ewew@ff.ee	ewew	2212	2023-11-04 09:17:12.355464
9fd4a42c-4c56-4af1-922e-edb88de06605	8b5d23a5-52be-4098-bd47-0918b0d130b6	0991232555	dsdsds@sfsf.ff	ffs	55	2023-11-04 09:25:27.207755
bde8e186-6dfa-4c22-b17e-c6d50c156990	8b5d23a5-52be-4098-bd47-0918b0d130b6	667667664	dsds@eee.jj	ddfd	7676	2023-11-04 09:26:07.529631
72754128-eeeb-469f-a9f9-583ae3f9884c	8b5d23a5-52be-4098-bd47-0918b0d130b6	0991232499	storozhukua@gmail.com	Igornew	\N	2023-10-31 15:30:53.91591
ccd39853-da92-43e8-a33e-e817bd2e1565	8b5d23a5-52be-4098-bd47-0918b0d130b6	0991232498	storozhukua@gmail.com	12	\N	2023-10-31 16:27:52.945648
40a8f32d-1ff4-4e2a-a8fb-d3263ac54f5e	530e5a31-cbd6-4972-9e80-7add3595337b	+380502714237		Наталья Мирошниченко		2024-09-03 20:50:48.326199
cb19e5db-b49f-49ba-b3e9-b9f10d774fff	530e5a31-cbd6-4972-9e80-7add3595337b	380963042773		Юлія Цупик		2024-10-31 18:59:29.329536
079c4b47-7cd1-4385-8f1a-d6b476ba8942	530e5a31-cbd6-4972-9e80-7add3595337b	+380733061346	egor.ua228@gmail.com	Здольник Єгор		2024-09-03 21:15:15.341215
ac04a782-e881-44b4-b7a5-f60e7d653d13	8b5d23a5-52be-4098-bd47-0918b0d130b6	111111111124		vasia		2024-11-05 15:01:07.57339
0658fb3e-7f21-4c05-b13a-d64b9245ee0f	8b5d23a5-52be-4098-bd47-0918b0d130b6	123456789	test@mail.com	oleg		2024-11-05 15:02:12.047629
2243936b-3a49-4cad-8837-430199484f87	530e5a31-cbd6-4972-9e80-7add3595337b	+380996341936		Олександ Тцуканов		2024-09-04 17:04:42.16376
7bba1837-5aae-4101-af78-422fa688efa9	530e5a31-cbd6-4972-9e80-7add3595337b	+380635925247		 Alla		2024-09-07 18:01:41.056396
7dafe354-fb4d-4fab-b0e4-3dc7804d310e	530e5a31-cbd6-4972-9e80-7add3595337b	+380637389628		Любеко Олена		2024-09-08 18:52:08.636687
9cd07a0a-ce7f-46c6-86b7-14a42d2a27af	530e5a31-cbd6-4972-9e80-7add3595337b	+491627015114		Валерій Циттау		2024-09-14 16:06:07.647772
cf5985e7-ca12-4073-8cfb-2615835eceb9	530e5a31-cbd6-4972-9e80-7add3595337b	+4915560322472		Nataliya Levash		2024-09-17 17:36:56.550923
0b5b9fef-f806-44e2-af35-906f63e2e53d	0f0b49c7-8a8e-48cf-9aea-a337bc1d70a9	123456789	test@gmail.com	1	1	2024-09-17 21:33:21.722419
33bfb963-3c27-4fb2-8810-d76dc7530a9c	95fa2197-9804-4816-86e9-e4a0b2d563f1	123456789	test@gmail.com	1	1	2024-09-17 22:14:44.585497
55a78934-84dc-405e-be2c-88005e4bb511	95fa2197-9804-4816-86e9-e4a0b2d563f1	111111111				2024-09-17 22:15:50.325302
343ca137-3a19-4565-990b-5274e24c3a14	6e211cb2-0f2f-46ba-af48-d566784116a9	111111111				2024-09-17 22:32:41.018425
e24d418a-5a5a-4f64-ae05-5a67f818badf	95fa2197-9804-4816-86e9-e4a0b2d563f1	2222222222				2024-09-17 22:34:28.56008
95049cb9-04bb-4be9-b818-d4773830fbd0	0f0b49c7-8a8e-48cf-9aea-a337bc1d70a9	111111111				2024-09-17 22:55:51.290222
bc40762f-e351-4787-a51d-7329e07b42f8	6e211cb2-0f2f-46ba-af48-d566784116a9	12345611111				2024-09-17 23:08:36.736909
1eaf5ecb-a3b2-411f-84e2-01237427141e	0f0b49c7-8a8e-48cf-9aea-a337bc1d70a9	0991232499				2024-09-17 23:12:54.624868
aff94774-8a3b-485f-98d4-647b44e7a901	21872916-d1fa-4ffb-bd64-ffe50731962a	321232444444				2024-09-17 23:15:32.594505
557589c5-fac6-4780-a280-7d1c8214ac4f	f6936ca7-c5ff-4f4c-b3e1-ad2253369941	335051111		Ptro		2024-09-18 06:37:08.069838
c548bf26-679d-4ebb-bb02-b4c480a0f40f	530e5a31-cbd6-4972-9e80-7add3595337b	+380956323383		Олександр Каденець		2024-09-18 08:02:57.11442
881ba089-197d-4374-86ec-6689b6e5dc1e	530e5a31-cbd6-4972-9e80-7add3595337b	+491703814062		Ольга		2024-09-18 13:29:35.039953
bc1a5765-6549-4b29-b81b-15fc803d8340	530e5a31-cbd6-4972-9e80-7add3595337b	+380995025628		Артур Харченко		2024-09-26 08:03:47.029488
fbb6ae67-80d3-438d-a4ea-cd5c643cfd83	530e5a31-cbd6-4972-9e80-7add3595337b	+380688881983		Сергій Ганзя		2024-10-03 21:54:02.413749
b7facee1-d86a-443a-a438-87a6546e4576	530e5a31-cbd6-4972-9e80-7add3595337b	+380671317002		Світлана Храмова		2024-10-03 21:59:02.561448
65be3a72-c086-45f3-8e72-20067526c435	530e5a31-cbd6-4972-9e80-7add3595337b	+4915172475692		Даша Качуровська		2024-10-05 09:13:53.126414
d55d20a8-bd5a-45b6-b43c-5d9e26ca13d2	530e5a31-cbd6-4972-9e80-7add3595337b	+380506478048		Аліна Хеломбітко		2024-10-10 17:32:12.496896
54613567-5960-4826-81c6-b64327e8f4ac	8b5d23a5-52be-4098-bd47-0918b0d130b6	911111111		test client without email		2024-10-11 20:10:08.370129
6665a841-636a-47df-a2d5-c47fedb221e7	8b5d23a5-52be-4098-bd47-0918b0d130b6	11111111111111		without email		2024-10-11 20:11:43.44125
a92c6d09-a338-41bf-b80f-41210aad4a5b	8b5d23a5-52be-4098-bd47-0918b0d130b6	1111111106		ihor		2024-10-11 21:08:23.559282
c00d8c4a-f1e6-4e46-af0e-844380e2f66b	8b5d23a5-52be-4098-bd47-0918b0d130b6	11111111063		ihor		2024-10-11 21:10:07.538924
6074ad42-f661-4bb6-b699-bda879b97f95	636f2c1f-d194-4955-b2c0-415b54427f32	888888888		Andrew		2024-10-15 13:32:54.282977
852d60aa-da0b-4b5f-9205-a0bd34fe3872	8b5d23a5-52be-4098-bd47-0918b0d130b6	11111111112		vasia		2024-11-05 15:01:00.197438
14a54d14-ac84-4721-a5ef-786cb3923a11	8b5d23a5-52be-4098-bd47-0918b0d130b6	12322121223		Misha		2024-11-05 15:02:43.895915
452d4d1c-a491-48a6-bea0-ee0efa0fc070	8b5d23a5-52be-4098-bd47-0918b0d130b6	55555555555333				2024-11-05 15:06:49.271425
2a7e26d8-7534-4292-958c-96dee2382cbf	8b5d23a5-52be-4098-bd47-0918b0d130b6	11121212121212121				2024-11-05 15:07:22.532926
ff41a16d-0863-43ef-81e1-b4bc80c8a9eb	8b5d23a5-52be-4098-bd47-0918b0d130b6	2222222222		2		2024-11-05 15:14:44.197563
3c871d4f-bf3d-4bba-b9c5-bdd4943cb7a8	8b5d23a5-52be-4098-bd47-0918b0d130b6	33333333334444		ww		2024-11-05 15:20:20.245685
5ab4ed80-fed1-4e8e-86d6-56dbf7601bcc	8b5d23a5-52be-4098-bd47-0918b0d130b6	32321321321321		ivan		2024-11-05 15:41:48.129979
8e70b690-f95c-40c7-9a0a-8257a61bd385	8b5d23a5-52be-4098-bd47-0918b0d130b6	232323232344		eewew		2024-11-05 15:47:54.839378
3e89acc7-19ad-4306-ae6c-1d7f155dd0df	8b5d23a5-52be-4098-bd47-0918b0d130b6	2323232323444		eewew		2024-11-05 15:48:07.681868
bd412ba7-dd1c-484b-8b66-eb7c12b18673	8b5d23a5-52be-4098-bd47-0918b0d130b6	09912324888		oleg lyshko	lyshko	2024-11-07 09:52:07.208693
c51016cd-f723-4b76-aafa-12cce531e45b	8b5d23a5-52be-4098-bd47-0918b0d130b6	9999999999	Client09@mail.com	ivanna	ivanna client	2024-11-07 09:59:52.411719
065403b2-b34a-480a-918d-85a215815716	8b5d23a5-52be-4098-bd47-0918b0d130b6	0999999999999		ivanna		2024-11-07 10:15:33.851703
dfa8b4a3-170a-478a-8a96-6e6342520582	8b5d23a5-52be-4098-bd47-0918b0d130b6	0999999999990		ivana		2024-11-07 10:46:14.570383
02102220-7b32-46e2-8b58-812715e9098c	8b5d23a5-52be-4098-bd47-0918b0d130b6	09999999999908		ivana		2024-11-07 10:46:28.354648
e9616c1b-1013-4cd5-99ed-2bcc7b05b4c5	8b5d23a5-52be-4098-bd47-0918b0d130b6	09999999999900		inna		2024-11-07 11:54:00.232107
0378a6d4-aeac-45cf-9da5-80590b4deb7f	8b5d23a5-52be-4098-bd47-0918b0d130b6	09999999999987		rtrt		2024-11-07 11:58:26.622679
b7a6f6f8-b8b3-4893-ba1e-67453c9251ce	8b5d23a5-52be-4098-bd47-0918b0d130b6	099999999999000	33	33		2024-11-07 15:47:32.293302
5a6901c6-c203-403a-b1dd-1d017e8c024f	b80db167-d899-4404-9740-43fe7a2c3fcf	0632233266	kvnd@gmail.com	Назар		2024-11-08 14:16:22.43309
91d41123-112e-4715-a638-fd58e0a0ff68	b80db167-d899-4404-9740-43fe7a2c3fcf	0992386518		Олександра		2024-11-08 16:43:48.65771
273f1c20-d3ce-42fd-9012-bbb513b878ca	8b5d23a5-52be-4098-bd47-0918b0d130b6	09999999999944		dsdsds		2024-11-08 20:03:48.243206
5c39821e-51f8-410c-9a48-1f97ddd2862d	8b5d23a5-52be-4098-bd47-0918b0d130b6	099999999999444		dsdsds		2024-11-08 20:03:50.986241
62efc9fa-7c83-48f4-8a47-6649262a35ee	8b5d23a5-52be-4098-bd47-0918b0d130b6	0999999999994444		dsdsds		2024-11-08 20:03:56.27965
284cbed9-49ed-4a3b-9a66-34daae362223	8b5d23a5-52be-4098-bd47-0918b0d130b6	0999999999994444333		dsdsds		2024-11-08 20:04:01.166242
5e9ba65f-dbb6-4517-91ae-a5e4d569f7cf	8b5d23a5-52be-4098-bd47-0918b0d130b6	0999999999993		e		2024-11-08 20:12:05.026522
2493d994-c12f-45bd-9fb4-6baf6a2f73a0	8b5d23a5-52be-4098-bd47-0918b0d130b6	099999999999333		e		2024-11-08 20:12:08.894237
6b51c898-4b32-4c99-ac1b-e6c795502e2f	8b5d23a5-52be-4098-bd47-0918b0d130b6	099999999999333333		e		2024-11-08 20:12:18.691002
419e72e7-ed39-43dc-beff-fb4489628426	8b5d23a5-52be-4098-bd47-0918b0d130b6	09999999999933333344		e		2024-11-08 20:18:07.600891
fee084eb-b5fb-4eaf-aa14-1d002fcd3f5a	8b5d23a5-52be-4098-bd47-0918b0d130b6	099999999999333333442		d		2024-11-08 20:19:37.192772
205e45ac-3d77-47c5-be02-e509ed594f5b	21872916-d1fa-4ffb-bd64-ffe50731962a	099999999999	f	f		2024-11-08 20:56:44.688538
ee231e04-b4dc-4d45-b2b5-6e3780a54079	21872916-d1fa-4ffb-bd64-ffe50731962a	99999999993		e		2024-11-08 21:35:45.511058
db4e3a6b-48a7-48b9-91ec-630e095e0e3c	21872916-d1fa-4ffb-bd64-ffe50731962a	9999999999308		4		2024-11-08 21:53:41.117332
cdcabf94-5833-4fe8-8fef-a9f4ba4f1c6c	530e5a31-cbd6-4972-9e80-7add3595337b	+380978667535		Андрій Глечковський		2024-11-10 16:28:19.047099
4b5c6b4f-55b3-49c2-bd1c-bd05395fedd1	21872916-d1fa-4ffb-bd64-ffe50731962a	0999999999999		0999999999999		2024-11-12 11:13:53.251426
dde0b06a-7fb7-4f90-a97e-aa4124fc6619	21872916-d1fa-4ffb-bd64-ffe50731962a	099999999999333				2024-11-12 11:17:18.045569
4316f755-755e-42cd-a3a5-32df574a3ce1	21872916-d1fa-4ffb-bd64-ffe50731962a	0991232499123		Voloda		2024-11-12 13:27:23.326079
c0bc22cf-8b05-4c45-9ae1-987309b48b2d	cbbce287-5f22-4aff-81d2-f0058f0734e8	09912324991		www1		2024-11-12 13:03:41.405483
26189efc-0157-4dc4-9487-ad6f3ed11b50	cbbce287-5f22-4aff-81d2-f0058f0734e8	0991232499		igor		2024-11-12 12:59:21.213247
697404ed-d4f9-4b2e-8fcf-9bcd56a4cb43	cbbce287-5f22-4aff-81d2-f0058f0734e8	0991232499144				2024-11-12 22:12:21.845425
c5d8c4d6-f551-457f-aae7-91a3510b9eda	cbbce287-5f22-4aff-81d2-f0058f0734e8	0991111111111	test@test.ua	viva		2024-11-12 22:24:06.212826
52a5ec51-2c19-4389-abb1-9b41a1419b50	21872916-d1fa-4ffb-bd64-ffe50731962a	099111111111		ali		2024-11-13 16:05:14.329977
2cde7abf-378c-4a8c-84f9-256339038ea2	530e5a31-cbd6-4972-9e80-7add3595337b	491623351634		Ира		2024-11-13 16:12:49.388251
7e3a2eff-a4bf-41ad-b5c4-01b5723d04f8	530e5a31-cbd6-4972-9e80-7add3595337b	4915238476744		Anastasia		2024-09-03 20:48:23.433926
ee5c48cb-f2ad-4cd6-8903-cce78b4e195a	530e5a31-cbd6-4972-9e80-7add3595337b	380660393073		Ihor Karp	Клієнт з Görlitz	2024-09-03 21:40:11.828104
73a5c6c4-8fe0-495f-a95a-99b01d464bb1	530e5a31-cbd6-4972-9e80-7add3595337b	4915238476744		Анастасія		2024-11-10 16:18:48.715337
27645367-0955-472c-8ffe-ee0f8edfc9e4	8e23e9e6-587f-4ec1-89fc-23a93f9e120b	0991232488	t@w.com	ihor		2024-11-15 17:43:48.323386
59a99196-216f-448e-81df-60c12f413b26	8e23e9e6-587f-4ec1-89fc-23a93f9e120b	32323232323				2024-11-15 17:54:18.56947
0b0d5730-e3ee-4753-bf35-cf90da0ee319	8e23e9e6-587f-4ec1-89fc-23a93f9e120b	12121213333	dsdsds@eee.ee	eee		2024-11-15 17:55:03.490548
b218f713-f81e-4925-9244-9eaec35e3579	21872916-d1fa-4ffb-bd64-ffe50731962a	9999999999999999		4		2024-11-15 18:02:18.702047
3559111b-b7f0-4529-91f6-1dc2ec2e373f	21872916-d1fa-4ffb-bd64-ffe50731962a	09999999993333333	em@em.com	qwerty		2024-11-15 18:03:04.209935
bcaec160-69b3-44fc-b094-cab66a186d80	21872916-d1fa-4ffb-bd64-ffe50731962a	0992222222222	t@t.com	ihor		2024-11-15 18:04:03.121828
eabae481-e794-4582-9223-40f732d530f3	530e5a31-cbd6-4972-9e80-7add3595337b	+491623351634		Ира		2024-11-15 18:30:49.130745
b50977df-230c-4a67-8bc9-c197228a2a0d	530e5a31-cbd6-4972-9e80-7add3595337b	+491707852433		Любовь Буряковська		2024-11-15 19:09:43.914684
c851e1fb-78ae-4737-a4f6-d17ca9283b5b	c8832f68-6611-4b50-a5ab-7a9bf23653f5	0970369420		Артем		2024-12-03 12:39:05.723061
38c049fc-1e4e-4713-a388-0ddfc8240d92	c8832f68-6611-4b50-a5ab-7a9bf23653f5	0968951068		Марина		2024-12-03 15:38:58.369419
13a0195f-57f2-479f-82a4-367826503882	c8832f68-6611-4b50-a5ab-7a9bf23653f5	0679469293		Сергей		2024-12-05 09:56:47.5692
f1fdfce0-e905-4d28-b186-d5dc3f2138c0	c8832f68-6611-4b50-a5ab-7a9bf23653f5	0950458545		1		2024-12-05 10:18:07.954557
a19b13d4-cbb5-46d3-ae19-88a89c75b3c3	c8832f68-6611-4b50-a5ab-7a9bf23653f5	0973794836, 0973794817		Вадим и Елена		2024-12-05 10:20:23.889234
95e94d8f-c675-4799-b201-fff9d702c670	530e5a31-cbd6-4972-9e80-7add3595337b	+380979745223		Іван Солтус		2024-12-06 10:28:45.474404
46d036ed-1c08-4e2d-983d-87bdae1cac37	2a96282f-e21f-4738-af33-cea6a72ddff0	3133232323232				2024-12-06 13:04:27.124414
9a1f0e26-090e-4073-b452-d4304bc04f9a	c8832f68-6611-4b50-a5ab-7a9bf23653f5	0676086569		бірюкова галина В'ячеславовна		2024-12-07 11:23:51.189005
27c4ab50-45a6-48e6-8dac-c4b88fa911d0	c8832f68-6611-4b50-a5ab-7a9bf23653f5	0671901525				2024-12-07 12:03:33.165439
93618083-e29e-46c4-b6c7-888f3b774e50	c8832f68-6611-4b50-a5ab-7a9bf23653f5	0664676273		Таня		2024-12-07 13:24:08.496225
9212e75f-f7bf-4e92-be92-861b57e4726d	c8832f68-6611-4b50-a5ab-7a9bf23653f5	в телеграмме @Masik432		максим		2024-12-09 10:20:13.066897
738b0d8f-6591-477b-a1b0-724ba7366ac2	c8832f68-6611-4b50-a5ab-7a9bf23653f5	0960760242		яна пиво		2024-12-10 15:31:51.828185
f264a508-bc92-476d-af76-c5029d686c15	c8832f68-6611-4b50-a5ab-7a9bf23653f5	0633350186		елена		2024-12-10 15:34:15.423721
8a958b1e-af80-495b-9c81-153fb64868ee	530e5a31-cbd6-4972-9e80-7add3595337b	+491608487995	fansvet@gmail.com	Svitlana Chekalina		2024-12-10 22:11:36.112851
5a50cbc2-b646-40b8-bcfd-b005f800b5d6	c8832f68-6611-4b50-a5ab-7a9bf23653f5	0669388627		Военный		2024-12-12 11:01:34.92096
8e546315-6c84-4995-b82e-7004274bc6ab	c8832f68-6611-4b50-a5ab-7a9bf23653f5	0676486520 иле 0639700227 Юрий и ира		Юрий и ира		2024-12-12 11:04:43.265972
52303f71-0ae5-4d2c-a5fa-900b4eb318fa	c8832f68-6611-4b50-a5ab-7a9bf23653f5	0990509441				2024-12-14 12:34:48.965321
6669002a-8f0e-4555-9eec-a9aced71669b	c77357f8-8bdf-4b74-ab00-b48473af4921	6546565565656		6544		2024-12-30 10:02:12.448921
\.


--
-- Data for Name: company; Type: TABLE DATA; Schema: public; Owner: default
--

COPY public.company (company_id, created, company_name) FROM stdin;
c58f2ece-7ab9-4a07-b14d-a9200035876b	2023-08-31 13:17:06.314142	company name
8e23e9e6-587f-4ec1-89fc-23a93f9e120b	2023-08-31 13:18:42.749907	company name
871e02ec-7dfb-4913-bd2d-edd4542c0a20	2023-08-31 14:25:21.477313	company name
197fa97a-0455-4278-92e5-9afb2f94a551	2023-08-31 14:25:27.021243	company name
61d858bd-f648-4942-b806-4e9d88c16034	2023-08-31 14:27:49.780496	company name
fef6e813-dd03-4497-9654-bbadf02c28a8	2023-08-31 14:28:31.860499	company name
c706722b-e375-41c5-b922-720538818cde	2023-08-31 14:28:37.364818	company name
906fa72c-4a31-43bc-a059-ade2b052e137	2023-08-31 15:20:58.930253	company name
e0840a80-57f0-472d-9689-263df04c18f6	2023-08-31 16:03:34.488652	company name
ad9287d0-283d-4e10-996c-c2eb4eb33ac0	2023-08-31 16:45:20.989215	company name
24f49a48-fbc5-490f-8cc7-ed47fe05a578	2023-08-11 20:17:32.569734	company name
f1487e92-e8c9-4536-88f8-409490618f21	2023-08-21 12:42:51.867427	company name
f692dd90-4e95-4511-909d-9dc9f5ccc3af	2023-08-23 10:10:14.680209	company name
bbfd4d39-5939-47f5-af80-bc82e55062ed	2023-08-23 18:34:49.35349	company name
4d7eee24-88c9-46d4-b667-676f15e97eba	2023-08-25 22:15:28.454616	company name
baeb58d7-70a2-4165-b5e9-d6b458f8933b	2023-08-25 22:23:27.202417	company name
346d8bb1-22bc-4029-ab4c-e81b0dce3842	2023-08-28 10:48:25.499092	company name
3c07ad0a-d994-4eaa-8cc4-513b038c7296	2023-08-29 13:54:55.788735	company name
8f71fbb0-e2e9-4c61-abf9-3a445f343cc1	2023-08-29 19:05:19.645205	company name
27f86f14-8b76-446b-92a4-88c0cba62d42	2023-08-29 19:29:07.295273	company name
f025362c-ec5b-4085-b389-df2f5cbc6b87	2023-08-29 20:30:55.8445	company name
db5de5ba-11df-4b70-b82a-d152e28029ea	2023-08-29 20:35:13.3151	company name
38d0686f-4d4a-46a7-bae0-622c6ef976ed	2023-08-30 09:07:49.617566	company name
ef50aec7-f6c9-4a09-8825-76c64c5c86c2	2023-08-31 10:11:38.836663	company name
a174c96b-6e20-4d5a-b122-9748ec08761c	2023-08-31 21:55:03.603967	company name
b61ef24e-4ae5-4554-b034-654867f73e2b	2023-09-01 22:06:25.353374	company name
c5d3bddf-3c23-4846-9155-d1ba3fa7517a	2023-09-01 22:06:25.475884	company name
a592861c-9c46-46a0-a32a-7f06ed724545	2023-09-01 22:10:55.05516	company name
519b4857-df69-4c8f-97aa-3f336e7e2a6a	2023-09-02 05:54:07.20454	company name
a536f2f2-382e-401f-8a2e-97f7cddcaa3d	2023-09-05 19:03:26.866809	company name
f5114123-f71d-4d4d-ac0f-af2c75a39ade	2023-09-05 19:16:35.921051	company name
c8361233-55d7-48bb-93ed-c41c075b3985	2023-09-05 19:16:48.90633	company name
5a57775f-b051-4f6b-82c8-dabff5abed44	2023-09-05 19:41:18.531649	company name
5592191c-ec7f-4712-a3a6-255e225b2e9b	2023-09-05 19:41:23.944186	company name
9f8bf648-79c9-42be-8f48-77fde0088a0b	2023-09-05 19:41:29.059313	company name
e5368f0f-0e86-4ba7-83e4-47f1403a88df	2023-09-05 19:55:49.467583	company name
f2910dde-fb60-4af7-87b1-4c8e94823740	2023-09-05 19:55:57.997993	company name
4904ff82-a0eb-45a5-bea3-099299ae7bdf	2023-09-05 19:58:37.453767	company name
38225247-a1ee-44b0-be3d-e1c617a99fa2	2023-09-05 20:00:12.696513	company name
2f3606ac-0e84-482d-a99e-8a93668fc4a7	2023-09-05 20:01:14.940577	company name
49a459df-ff3e-4a78-b553-2c184928c475	2023-09-05 20:02:50.001058	1
3e3cbd84-1a8d-45f4-a20b-182869dec99a	2023-09-05 20:03:52.317325	ROGA I KOPITA
529284c8-3b6d-4a92-8429-425a3f059448	2023-09-05 20:04:01.474429	ROGA I KOPITA
0a61c8c1-07a8-455f-97d0-cffeefbd74bf	2023-09-05 20:04:39.012184	qwerty
bf286358-15f4-4fc3-97da-22d29cd7d97e	2023-09-05 20:05:03.718434	YWP
0306ac24-e860-43e9-9d69-d9179d70e295	2023-09-05 20:05:38.492227	ywp-crm
2ad238fb-8751-469d-ad7c-d55faa4063e2	2023-09-05 20:06:51.728315	ui
e4a31a22-1b94-4caf-9b66-f72f1b0750c8	2023-09-05 20:06:55.856986	ui
690a34b4-e15c-48fd-b88d-270cd893b519	2023-09-05 20:07:00.162942	ui
f2a7b827-60d7-45c5-9f91-2db431d5be39	2023-09-05 20:24:02.197933	rrr
095a9200-d015-4b86-a93b-b95556fa98f9	2023-09-05 20:24:12.813616	88
1b5475bd-0c60-44c8-b75a-37298b4a1d50	2023-09-05 20:41:31.10999	3ee
9660c784-8dc8-4d5a-94a0-239d553f022f	2023-09-05 20:43:12.543949	44444
2bde436e-afbc-4cca-bca3-bdf38df21614	2023-09-05 20:43:44.118642	YWP
1032dde0-cd26-4a9b-84b9-6d23e58aec84	2023-09-05 20:50:27.380404	ywp-crm5
45fa7f2e-5a63-4caa-8d9a-11d67a7d8b3a	2023-09-05 21:21:46.204541	GIGA
0d5a4445-5f76-415c-9dc4-5dc19d87c8e0	2023-09-06 11:01:55.362566	ywp-crm123
269b7dc1-b6e4-4cd9-87e2-0a92743e22d5	2023-09-06 11:05:46.989928	YWP12
6682f995-239b-4e11-a196-254f3aa9345b	2023-09-06 11:05:49.883616	YWP12
674a8b36-088d-4559-b109-f2ea54e5c92a	2023-09-06 11:09:36.45688	4444
44f27d4c-ef31-44de-9f4d-85f5aa01d4e1	2023-09-06 11:29:04.746189	rr
cbbce287-5f22-4aff-81d2-f0058f0734e8	2023-09-18 16:23:21.213119	123
54f96e84-a7d9-4a51-9c90-772df049e337	2023-09-21 16:58:15.136935	Radio Gaga
014776db-cb01-4927-9555-00fc0b7db125	2023-09-28 17:00:18.087547	333
97bf09df-665c-4e52-8222-2eed41096b9c	2023-09-28 17:10:49.740093	44
542f6f8f-e0e3-4e19-8fc7-56820a078efb	2023-09-28 17:10:53.269246	44
6c68bb2f-edb8-48af-816c-d4d9bb94c2af	2023-09-28 17:12:34.236732	44
fa865696-de15-4897-93ed-686d34448ca9	2023-09-28 17:12:57.923696	123
81578f36-3bb7-419b-9629-c987776c96e9	2023-09-28 17:14:26.302836	rr
67a2af5d-e332-45b8-89c9-30e13f7092a1	2023-09-28 17:14:33.3038	rr
8ac8b2e8-97a6-40f0-ac09-4c03317b7ad7	2023-09-28 17:14:37.741191	rr
b9e199be-1596-4a23-8dc9-b826577e1527	2023-09-28 18:16:12.306723	eee
1a7bf7cd-845e-4db4-99a7-a70e6b1852da	2023-09-28 18:16:14.010369	eee
4851e2ec-e4c2-48a4-82d5-a9e1262e427b	2023-09-28 18:16:14.395739	eee
0937b068-40ec-4e37-8ca4-cb6afa6dfb51	2023-11-01 19:33:27.729462	BIG DIG
530e5a31-cbd6-4972-9e80-7add3595337b	2024-09-03 20:36:07.992556	Remontly
409d124c-5146-4015-98d4-904a42b11447	2023-12-08 08:20:27.062033	qwerty
7a579c63-f747-4f7d-bed3-0bc597eb6b44	2023-12-09 10:35:56.53215	Koryfey
9ecac308-eb20-4950-9218-3040f81f0fbb	2023-12-09 18:03:36.773429	ФОП Мних О М
11a29887-2d8b-4c8a-9480-9f501caf1ddc	2023-12-09 18:03:36.76951	ФОП Мних О М
0758e385-bb44-4baa-bfa5-a9904a7c77a5	2024-01-31 15:16:11.636615	ReTech
be349ba0-26e6-40be-97b4-6332a91c9aaf	2024-02-13 11:27:30.085029	Acme Co
da02cd6f-3f90-40aa-9d57-48b2c7b1f002	2024-09-03 20:36:08.005093	Remontly
f6936ca7-c5ff-4f4c-b3e1-ad2253369941	2024-09-17 20:58:09.047311	Ananas
ed5a996a-5a7a-45eb-8666-d4621a4df2e9	2024-09-17 21:17:22.775536	Test be
57addb35-102a-452c-8c69-ee9153b9015a	2024-09-17 22:11:02.837967	1
95fa2197-9804-4816-86e9-e4a0b2d563f1	2024-09-17 22:11:23.578787	1
6e211cb2-0f2f-46ba-af48-d566784116a9	2024-09-17 22:30:40.973704	1
a29e46b1-630f-41c2-bbaf-96f9ded99ac0	2024-09-17 23:13:32.740534	liege service
facb4934-c6b6-454f-b0eb-a345d4c5cc12	2024-09-17 23:13:38.021925	liege service
21872916-d1fa-4ffb-bd64-ffe50731962a	2024-09-17 23:13:47.499587	liege service
636f2c1f-d194-4955-b2c0-415b54427f32	2024-10-15 13:31:31.561165	CompService
b80db167-d899-4404-9740-43fe7a2c3fcf	2024-11-08 14:14:07.407663	Ремонт Плюс
0f0b49c7-8a8e-48cf-9aea-a337bc1d70a9	2024-09-17 21:19:39.994662	Test in liege
c8832f68-6611-4b50-a5ab-7a9bf23653f5	2024-12-03 12:35:45.503614	Fierix
8b5d23a5-52be-4098-bd47-0918b0d130b6	2023-08-31 13:44:06.692596	FOP Storozhuk 9
2a96282f-e21f-4738-af33-cea6a72ddff0	2024-12-06 13:02:41.750785	liege inc
8900eb25-2abb-4b57-86a1-74578903accf	2024-12-06 13:05:21.939528	herstale
c77357f8-8bdf-4b74-ab00-b48473af4921	2024-12-30 10:01:29.802866	test09
\.


--
-- Data for Name: points; Type: TABLE DATA; Schema: public; Owner: default
--

COPY public.points (point_id, company_id, name, description, created, phone_number) FROM stdin;
2d82ae8a-010f-4181-9a8c-b1b43c72f802	8e23e9e6-587f-4ec1-89fc-23a93f9e120b	New world		2023-08-31 13:18:52.153974	\N
9b872118-82fa-42c4-9d64-234ddb373fa7	8b5d23a5-52be-4098-bd47-0918b0d130b6	Lily		2023-08-31 14:35:03.13695	\N
ff358f38-0623-4459-8e43-3468237ee28d	906fa72c-4a31-43bc-a059-ade2b052e137	Kasia		2023-08-31 15:21:10.950574	\N
f92b0608-0991-46cd-ad4b-41effd2447f1	871e02ec-7dfb-4913-bd2d-edd4542c0a20	Fabrica Hero		2023-08-31 14:55:27.286932	\N
aaf17b48-0b84-431c-882e-e17e9712c488	ad9287d0-283d-4e10-996c-c2eb4eb33ac0	theGadget		2023-08-31 16:45:30.175085	\N
dd18b84b-3bef-45f3-9228-ccbec64234e9	ad9287d0-283d-4e10-996c-c2eb4eb33ac0	ТРЦ Мегамолл		2023-08-31 16:45:59.868374	\N
27490366-5f0f-4e6e-8200-d5fefc44fab6	24f49a48-fbc5-490f-8cc7-ed47fe05a578	Radio Market	test	2023-08-24 14:29:28.748876	\N
62d800e3-48f2-453e-991d-0985c6314af6	24f49a48-fbc5-490f-8cc7-ed47fe05a578	Fabrica Hero Kherson		2023-08-11 21:21:43.793626	\N
2d177cad-0ee1-4f86-b5d1-46d89dca773c	24f49a48-fbc5-490f-8cc7-ed47fe05a578	LILU		2023-08-28 23:04:43.038666	\N
a8f1778c-17e1-4e5b-b8cd-8e7c2541cbba	ef50aec7-f6c9-4a09-8825-76c64c5c86c2	LA		2023-08-31 10:12:34.970678	\N
f5259baa-2bda-4e8b-9cac-7a545bdb9e85	ef50aec7-f6c9-4a09-8825-76c64c5c86c2	LILU		2023-08-31 10:17:51.524862	\N
eb31c7eb-cc20-42e7-bc69-9aab8adf8dce	24f49a48-fbc5-490f-8cc7-ed47fe05a578	VICTORIA GARDENS		2023-08-17 13:26:35.74169	\N
d58dd4cc-e5e7-477a-a2cb-9a3721dfa38e	f1487e92-e8c9-4536-88f8-409490618f21	Calipso		2023-08-21 12:43:06.719996	\N
c33ce078-365d-436a-853b-54de48e78e79	f692dd90-4e95-4511-909d-9dc9f5ccc3af	VICTORIA GARDENS		2023-08-23 10:10:31.89596	\N
b5d77533-ab04-4c80-a13f-06e0cafbaaae	f692dd90-4e95-4511-909d-9dc9f5ccc3af	SPARTAK		2023-08-23 10:11:29.393868	\N
59ab96d4-b217-44ce-b42a-830c15f6ce96	bbfd4d39-5939-47f5-af80-bc82e55062ed	Kasia Olena		2023-08-23 18:36:52.348756	\N
2fb58440-6751-4244-8f0a-203b3c792eca	4d7eee24-88c9-46d4-b667-676f15e97eba	o		2023-08-25 22:20:23.494657	\N
adc62ac2-1255-479d-8a4a-cd90cd8de720	baeb58d7-70a2-4165-b5e9-d6b458f8933b	Test point		2023-08-25 22:28:30.733599	\N
74df838a-6410-40db-a0c2-b107d441392d	27f86f14-8b76-446b-92a4-88c0cba62d42	Florida		2023-08-29 19:29:19.280377	\N
ade39e21-e90b-46a9-ac4b-adadc68191bd	f025362c-ec5b-4085-b389-df2f5cbc6b87	California		2023-08-29 20:31:24.812053	\N
5c44f394-320d-47a1-b715-b3480de7e675	db5de5ba-11df-4b70-b82a-d152e28029ea	qwerty		2023-08-29 20:35:18.680128	\N
e912ac05-9336-45b2-8cbf-3213a1197742	38d0686f-4d4a-46a7-bae0-622c6ef976ed	LA		2023-08-30 09:07:57.736501	\N
33222027-918f-435e-8138-6193b0c988ab	e0840a80-57f0-472d-9689-263df04c18f6	1		2023-08-31 20:01:59.620493	\N
5bb840aa-5bca-40b2-a1e1-6cad83c34987	a174c96b-6e20-4d5a-b122-9748ec08761c	Fry		2023-08-31 21:55:15.426492	\N
091f8ad0-354f-49b6-bd8c-f0ce62ad6cb4	b61ef24e-4ae5-4554-b034-654867f73e2b	1		2023-09-01 22:06:38.531886	\N
ecf6b710-ef16-42ca-b3b8-eb8b8d5d501e	871e02ec-7dfb-4913-bd2d-edd4542c0a20	RADIO BAZA		2023-09-02 06:15:38.872629	\N
64511b7f-27b7-476b-9e42-6cfc907e634a	095a9200-d015-4b86-a93b-b95556fa98f9	qwer		2023-09-05 20:29:29.343848	\N
11b2dd67-7f5c-4341-a8de-b8c19355bb2b	f2a7b827-60d7-45c5-9f91-2db431d5be39	first Point		2023-09-05 20:38:55.955685	\N
eaf590d6-5a80-44da-bbef-ee9706196ec9	1b5475bd-0c60-44c8-b75a-37298b4a1d50	ewewe		2023-09-05 20:41:40.877682	\N
0e1b1310-055e-419c-a5f7-5aa7b339ff40	9660c784-8dc8-4d5a-94a0-239d553f022f	44		2023-09-05 20:43:18.711453	\N
c7f4ad7f-2eba-4e63-a79a-29d6bf34fd74	2bde436e-afbc-4cca-bca3-bdf38df21614	eee		2023-09-05 20:48:41.575159	555
dbe2b5a2-8a41-4057-bd4b-25f6816a391d	1032dde0-cd26-4a9b-84b9-6d23e58aec84	GIGA and GOGA		2023-09-05 20:50:47.298862	0991223499
d3e72eaf-07df-42b7-a334-0b890da6832a	45fa7f2e-5a63-4caa-8d9a-11d67a7d8b3a	GIGA ONLINE		2023-09-05 21:21:59.014449	0991232488
f42a80dc-5259-4a70-8e4b-2aa45981e5e6	54f96e84-a7d9-4a51-9c90-772df049e337	ddd		2023-09-21 18:01:03.491116	111111111
7a997dc5-eec7-4607-bdbc-e57d169fbac7	8ac8b2e8-97a6-40f0-ac09-4c03317b7ad7	111		2023-09-28 17:14:46.647526	11111111
e365ccdf-0fab-4c17-a88d-c7f16e56b027	cbbce287-5f22-4aff-81d2-f0058f0734e8	11111		2023-09-28 17:40:46.135546	111111111111
5cf5553a-8d9a-4bec-81e4-5a5f281640bd	8b5d23a5-52be-4098-bd47-0918b0d130b6	Yany 1013	123	2023-09-01 07:13:06.909285	0991223499
6b4c4edc-46e5-4bd7-b6b4-8a05c59ab945	0937b068-40ec-4e37-8ca4-cb6afa6dfb51	big		2023-11-01 19:33:43.766996	1234567
e64ecb15-0f43-4818-b989-c9dd971ecb63	409d124c-5146-4015-98d4-904a42b11447	GALA		2023-12-08 08:20:44.113125	0991245566
9494dc69-7b8a-4da6-951d-bd47acc4d639	7a579c63-f747-4f7d-bed3-0bc597eb6b44	Koryfey		2023-12-09 10:36:23.790785	0632269141
8af33410-c154-44dc-92c6-7312c5059560	11a29887-2d8b-4c8a-9480-9f501caf1ddc	1		2023-12-09 18:03:53.013854	2
9d43e8bb-f9e2-419a-b023-4767b2086481	0758e385-bb44-4baa-bfa5-a9904a7c77a5	Service		2024-01-31 15:16:48.518231	0960077925
b42d786d-4308-461d-8971-b99cda77db25	be349ba0-26e6-40be-97b4-6332a91c9aaf	Point Name		2024-02-13 11:27:41.598541	5959595955
45862c96-b5c3-40c9-bba2-f88ccdd5299d	530e5a31-cbd6-4972-9e80-7add3595337b	Dr.-Sommer-Straße 1		2024-09-03 20:37:07.324847	+491603281865
9b117bbb-63d5-409c-b777-21ca9a0f4bde	f6936ca7-c5ff-4f4c-b3e1-ad2253369941	БородаPhone		2024-09-17 20:58:33.387861	+380976779767
07e614de-c131-4de6-a63c-2682e5cb542e	f6936ca7-c5ff-4f4c-b3e1-ad2253369941	Ananas		2024-09-17 20:59:51.398339	
4f1214b0-65d9-41f9-8752-f7ee6ce34dd4	0f0b49c7-8a8e-48cf-9aea-a337bc1d70a9	Test point 01		2024-09-17 21:19:58.528524	0991232499
7d9dbb7b-e097-4a63-b4f4-852a2504a170	95fa2197-9804-4816-86e9-e4a0b2d563f1	1		2024-09-17 22:11:39.293968	123456789
f43e6d2f-061c-4f04-acf0-ff67c84528b5	6e211cb2-0f2f-46ba-af48-d566784116a9	1		2024-09-17 22:30:45.160151	1
6a7ba1c7-9c27-4616-ba63-43f02a026731	21872916-d1fa-4ffb-bd64-ffe50731962a	mediacite		2024-09-17 23:14:11.590974	32123456789
f2f1db38-b4e9-4dfa-9e64-43a934a9fb45	636f2c1f-d194-4955-b2c0-415b54427f32	CS		2024-10-15 13:31:49.984833	0979162654
a14f4d4a-d45d-4c94-ab9c-bcc0dfb181b1	b80db167-d899-4404-9740-43fe7a2c3fcf	Ярослав		2024-11-08 14:14:56.105238	0632233266
8dcd8f47-2a5c-497d-9862-984b034c5694	cbbce287-5f22-4aff-81d2-f0058f0734e8	3		2024-11-13 16:32:06.44594	
8836498e-2477-4675-a4c2-b58e972a0c8c	21872916-d1fa-4ffb-bd64-ffe50731962a	fabrika		2024-11-13 16:35:28.816986	
2effc986-7e2a-4289-a64f-50ff281d710e	c8832f68-6611-4b50-a5ab-7a9bf23653f5	Fierix - Ремонт та продаж цифрової техніки.	Проспект Ново-Баварський 89. 1 поверх. Ремонт та продаж цифрової техніки.	2024-12-03 12:36:10.964077	0965848876,0507087016. Адреса: Проспект Ново-Баварський 89, 1 поверх
5d3b3249-cfb2-4a49-a064-e1e1a4f2c80c	2a96282f-e21f-4738-af33-cea6a72ddff0	1		2024-12-06 13:02:49.774204	1
67bf48ae-fa7e-49d6-a4e2-c8045f398e9d	8900eb25-2abb-4b57-86a1-74578903accf	qwerty		2024-12-06 13:05:33.9872	2
696063e5-459b-4dfe-9f95-dc34225e88b6	c77357f8-8bdf-4b74-ab00-b48473af4921	1		2024-12-30 10:01:37.617139	11111111111
\.


--
-- Data for Name: test; Type: TABLE DATA; Schema: public; Owner: default
--

COPY public.test (created) FROM stdin;
\.


--
-- Data for Name: tickets; Type: TABLE DATA; Schema: public; Owner: default
--

COPY public.tickets (ticket_id, point_id, company_id, name, description, status, created, device_sn, paid, note, last_part_payment, priority, assigned_at, guarantee_till, client_id) FROM stdin;
0076bc9e-f504-47b2-8e83-080ffed2808e	f92b0608-0991-46cd-ad4b-41effd2447f1	871e02ec-7dfb-4913-bd2d-edd4542c0a20	1	1	inbox	2023-08-31 14:56:56.426136	1	111	\N	0	medium	\N	\N	\N
add2c18e-89bb-4aa2-92c1-d0a648de9f1c	ff358f38-0623-4459-8e43-3468237ee28d	906fa72c-4a31-43bc-a059-ade2b052e137	0001	Гарбузики	inbox	2023-08-31 15:23:46.074099	Акварель	5	\N	0	medium	\N	\N	\N
4c278297-bd18-403a-91df-30e72f8c9239	62d800e3-48f2-453e-991d-0985c6314af6	24f49a48-fbc5-490f-8cc7-ed47fe05a578	iphone 12	Dynamic does not work	inbox	2023-08-22 10:42:47.622351	4455-44-78	0	\N	100	medium	\N	\N	\N
728134c0-1822-40f2-88eb-6c5f5d3fd4d5	62d800e3-48f2-453e-991d-0985c6314af6	24f49a48-fbc5-490f-8cc7-ed47fe05a578	iphone 13	Fix microphone	in progress	2023-08-22 10:46:38.842892	4433-6790	397	\N	0	high	\N	\N	\N
d5b7a5ff-9b21-4d81-970a-1af9141cfba7	a8f1778c-17e1-4e5b-b8cd-8e7c2541cbba	ef50aec7-f6c9-4a09-8825-76c64c5c86c2	iphone 13	Replace battary	paid	2023-08-31 10:14:24.084301	2222-5567-778-88-8	30	\N	80	medium	\N	\N	\N
90e37d76-bc29-4ee1-a85a-5ec8123dbbda	62d800e3-48f2-453e-991d-0985c6314af6	24f49a48-fbc5-490f-8cc7-ed47fe05a578	iphone 11	Screen does not work	inbox	2023-08-22 10:38:49.162557	1456-12390	0	\N	0	medium	\N	\N	\N
06ed7195-498d-47f6-b91b-eaccf6fd9e82	27490366-5f0f-4e6e-8200-d5fefc44fab6	24f49a48-fbc5-490f-8cc7-ed47fe05a578	Nokia Red Evalution 1023	Does not work	inbox	2023-08-25 17:15:36.168037	3344-5566-3344	95	\N	0	medium	\N	\N	\N
b3f75513-663a-45cb-8851-3a63c3ce91c2	c33ce078-365d-436a-853b-54de48e78e79	f692dd90-4e95-4511-909d-9dc9f5ccc3af	iphone 11	Do not work	inbox	2023-08-23 10:12:42.872041	1223-44-444-	500	\N	0	medium	\N	\N	\N
2bf39601-e525-4d68-8470-741ee92b1bf1	27490366-5f0f-4e6e-8200-d5fefc44fab6	24f49a48-fbc5-490f-8cc7-ed47fe05a578	iphone 2	Do not work	inbox	2023-08-25 17:01:14.200092	1235-678-44-44	1000	\N	1	medium	\N	\N	\N
f77dea0c-6ad3-45b2-a798-8aa74187db35	eb31c7eb-cc20-42e7-bc69-9aab8adf8dce	24f49a48-fbc5-490f-8cc7-ed47fe05a578	Nokia 2034	Does not work	cancelled	2023-08-24 15:37:18.99405	4455-333-333	100	\N	0	medium	\N	\N	\N
218af9ec-fff1-4534-b57d-be3c3001d1af	27490366-5f0f-4e6e-8200-d5fefc44fab6	24f49a48-fbc5-490f-8cc7-ed47fe05a578	iphone 1	Do not work	inbox	2023-08-25 16:57:50.314698	44-55-66676	95	\N	0	medium	\N	\N	\N
03bda7b4-8578-4f56-b880-d870d58c1f2f	62d800e3-48f2-453e-991d-0985c6314af6	24f49a48-fbc5-490f-8cc7-ed47fe05a578	iphone 5	Fix Screen	hold	2023-08-22 10:48:40.91365	4455-6790	300	Oleg service fixed Screen	1000	low	\N	\N	\N
a6b1caa0-9619-4768-a621-42ae3c324b9a	62d800e3-48f2-453e-991d-0985c6314af6	24f49a48-fbc5-490f-8cc7-ed47fe05a578	Lio Phone	Does not work	paid	2023-08-25 19:23:55.318799	2233-4455-2233	96	\N	0	medium	\N	\N	\N
75702bc4-b27f-4271-9c82-867daa68b6b4	27490366-5f0f-4e6e-8200-d5fefc44fab6	24f49a48-fbc5-490f-8cc7-ed47fe05a578	motorola 12	do not work	inbox	2023-08-25 17:11:23.583417	4455-66778-4444	100	\N	0	medium	\N	\N	\N
20ebed68-14df-4522-b7f8-810c109dc9de	eb31c7eb-cc20-42e7-bc69-9aab8adf8dce	24f49a48-fbc5-490f-8cc7-ed47fe05a578	1	1	inbox	2023-08-28 10:29:17.42435	1	107	\N	0	medium	\N	\N	\N
be56e818-9e3a-4d7d-b75d-ac55a8345d18	62d800e3-48f2-453e-991d-0985c6314af6	24f49a48-fbc5-490f-8cc7-ed47fe05a578	Iphone 1	Does not work	paid	2023-08-24 15:36:17.166085	1122-4455-9987	996	\N	1000	medium	\N	\N	\N
76ff2af2-729c-4b87-bf02-7a2797acc814	62d800e3-48f2-453e-991d-0985c6314af6	24f49a48-fbc5-490f-8cc7-ed47fe05a578	Nokia 3110	Set up new battery	paid	2023-08-22 10:54:45.843936	3344-6723	298	\N	10	medium	\N	\N	\N
21465911-f85b-43e7-941b-409773b4fd2d	27490366-5f0f-4e6e-8200-d5fefc44fab6	24f49a48-fbc5-490f-8cc7-ed47fe05a578	iphone 5	Do not work	inbox	2023-08-25 16:56:21.48267	eb31c7eb-cc20-42e7-bc69-9aab8adf855	100	\N	0	medium	\N	\N	\N
f010cd4b-3ac9-48ba-8af8-495ec36e8fc1	adc62ac2-1255-479d-8a4a-cd90cd8de720	baeb58d7-70a2-4165-b5e9-d6b458f8933b	Q	Q	inbox	2023-08-25 22:34:26.536077	W	1	\N	0	medium	\N	\N	\N
981b5994-661a-4a60-8e15-58e4a66e8273	adc62ac2-1255-479d-8a4a-cd90cd8de720	baeb58d7-70a2-4165-b5e9-d6b458f8933b	1	1	inbox	2023-08-25 22:34:57.818474	1	1000	\N	0	medium	\N	\N	\N
b2795bfd-4d21-4786-a5b6-cfbb329ec6ba	adc62ac2-1255-479d-8a4a-cd90cd8de720	baeb58d7-70a2-4165-b5e9-d6b458f8933b	1	1	inbox	2023-08-25 22:35:56.507499	1	1	\N	0	medium	\N	\N	\N
a761a4f8-2ac5-4b63-9087-add9f4072c0d	27490366-5f0f-4e6e-8200-d5fefc44fab6	24f49a48-fbc5-490f-8cc7-ed47fe05a578	Iphone 7	Battery does not work	done	2023-08-25 17:19:02.787932	4455-667789-444	300	Клієнт просить поскорше	0	high	\N	\N	\N
a1ace0a4-66d5-4059-9c14-8b04a09da650	27490366-5f0f-4e6e-8200-d5fefc44fab6	24f49a48-fbc5-490f-8cc7-ed47fe05a578	nokia 2080	Does not work	inbox	2023-08-22 22:31:25.16447	44-5577-66545	1000	\N	0	medium	\N	\N	\N
373bdfc3-6dd7-425b-ad5a-c25f2547fb4c	62d800e3-48f2-453e-991d-0985c6314af6	24f49a48-fbc5-490f-8cc7-ed47fe05a578	Nokia 3140	Set up new battery	in progress	2023-08-22 10:55:59.773731	4455-6677	300	\N	0	medium	\N	\N	\N
436f5727-5603-4df5-9694-e83b59935e20	eb31c7eb-cc20-42e7-bc69-9aab8adf8dce	24f49a48-fbc5-490f-8cc7-ed47fe05a578	Simens A55	Does not work	inbox	2023-08-25 20:24:23.630143	2233-5578-4322	100	note	1000	medium	\N	\N	\N
988db8a7-d451-4b3f-9602-b4dfe5976a3f	27490366-5f0f-4e6e-8200-d5fefc44fab6	24f49a48-fbc5-490f-8cc7-ed47fe05a578	1	1	inbox	2023-08-26 11:06:14.237824	1	111	\N	0	low	\N	\N	\N
8c9ed7ac-598e-40fd-ac83-8acdec4ad0a5	5c44f394-320d-47a1-b715-b3480de7e675	db5de5ba-11df-4b70-b82a-d152e28029ea	1	1	inbox	2023-08-29 20:35:42.253177	1	1	\N	0	medium	\N	\N	\N
784e7b6b-b468-4aca-a55f-b1622cb88289	2d177cad-0ee1-4f86-b5d1-46d89dca773c	24f49a48-fbc5-490f-8cc7-ed47fe05a578	1	1	inbox	2023-08-28 22:56:31.837326	1	1	\N	0	medium	\N	\N	\N
a51b8897-79ba-48d8-abfe-b6402894e5f9	e912ac05-9336-45b2-8cbf-3213a1197742	38d0686f-4d4a-46a7-bae0-622c6ef976ed	Nokia 4455	Does not work	inbox	2023-08-30 09:20:26.423768	4455-6733-2345	1000	\N	0	medium	\N	\N	\N
bd3946c3-53f8-43fe-8dc0-f6d1fbc663c6	ecf6b710-ef16-42ca-b3b8-eb8b8d5d501e	871e02ec-7dfb-4913-bd2d-edd4542c0a20	iphone 11	Replace battary	inbox	2023-09-02 06:59:09.154337	4467-3499-6578	100	\N	0	medium	\N	\N	\N
677728aa-807d-4880-ae2f-d5467223df5b	9b872118-82fa-42c4-9d64-234ddb373fa7	8b5d23a5-52be-4098-bd47-0918b0d130b6	Igor storozhuk	1	inbox	2023-10-31 13:46:28.185889	1234567	1	\N	0	medium	\N	\N	\N
942b695e-2857-44f7-be3f-79363f15e4a1	5cf5553a-8d9a-4bec-81e4-5a5f281640bd	8b5d23a5-52be-4098-bd47-0918b0d130b6	iphone 11	Put new battary	ask client	2023-09-04 16:05:23.807743	2344-5412-5678	100	\N	0	medium	da3cfccf-0871-42cf-8e35-79b053349ec7	\N	\N
25205ba6-c55a-4e37-93af-1e0aebbb1ae9	9b872118-82fa-42c4-9d64-234ddb373fa7	8b5d23a5-52be-4098-bd47-0918b0d130b6	Igor storozhuk	1	inbox	2023-10-31 14:01:57.524493	1234567	1	\N	0	medium	\N	\N	\N
83d104f3-21e8-49aa-8c6b-05b922d82933	5cf5553a-8d9a-4bec-81e4-5a5f281640bd	8b5d23a5-52be-4098-bd47-0918b0d130b6	iphone 13	Setup new dynamic	done	2023-09-05 17:37:49.36534	4567-3433	100	\N	1	high	bd03ab15-28d1-4b2c-8aac-2d3910384c80	\N	\N
98c76521-df07-4867-8845-8afa8c5bbf59	9b872118-82fa-42c4-9d64-234ddb373fa7	8b5d23a5-52be-4098-bd47-0918b0d130b6	Igor storozhuk	1	inbox	2023-10-31 14:07:35.472602	1234567	1	\N	0	medium	\N	\N	\N
6b7ec7e1-0aaf-44ec-8894-f9e99389aecb	9b872118-82fa-42c4-9d64-234ddb373fa7	8b5d23a5-52be-4098-bd47-0918b0d130b6	1	1	paid	2023-08-31 14:35:26.561309	1	1	\N	0	medium	bd03ab15-28d1-4b2c-8aac-2d3910384c80	2023-10-25 21:00:00	\N
deca9678-d33f-4a4b-8623-7db32d82ff21	9b872118-82fa-42c4-9d64-234ddb373fa7	8b5d23a5-52be-4098-bd47-0918b0d130b6	111	111	inbox	2023-10-31 14:30:02.936987	111	11	\N	0	medium	\N	\N	\N
ff2d8894-dd45-484b-9d89-9f429dfbb33c	5cf5553a-8d9a-4bec-81e4-5a5f281640bd	8b5d23a5-52be-4098-bd47-0918b0d130b6	iphone 12	Does not work	paid	2023-09-05 17:36:24.291628	4567-4356	400	\N	1	medium	da3cfccf-0871-42cf-8e35-79b053349ec7	2023-11-30 20:00:00	\N
30082cfe-851f-4f88-b4f0-e1259e936fc4	9b872118-82fa-42c4-9d64-234ddb373fa7	8b5d23a5-52be-4098-bd47-0918b0d130b6	ppp	oooo	inbox	2023-10-31 14:42:33.517714	00000	9	\N	0	medium	\N	\N	\N
14101fff-a193-4a48-88cc-1c0a982a8f3b	9b872118-82fa-42c4-9d64-234ddb373fa7	8b5d23a5-52be-4098-bd47-0918b0d130b6	iphone 11	does not work	inbox	2023-10-30 14:58:38.341884	1113332311	1	\N	0	medium	\N	\N	\N
776bf952-01ff-42d2-a5cc-9ee2edc25a35	9b872118-82fa-42c4-9d64-234ddb373fa7	8b5d23a5-52be-4098-bd47-0918b0d130b6	1	1	inbox	2023-10-31 13:15:42.480392	111111	1	\N	0	medium	\N	\N	\N
d393df65-09cd-4d3b-8ef6-c2295077bb8d	9b872118-82fa-42c4-9d64-234ddb373fa7	8b5d23a5-52be-4098-bd47-0918b0d130b6	11222	111	inbox	2023-10-31 14:43:34.623192	11111	2	\N	0	medium	\N	\N	\N
48613d32-9b88-4bd0-94c6-28f581bc630e	9b872118-82fa-42c4-9d64-234ddb373fa7	8b5d23a5-52be-4098-bd47-0918b0d130b6	игорь сторожук	1111	inbox	2023-10-31 14:44:07.814742	1111	111	\N	0	medium	\N	\N	\N
dd6fb850-65ed-4c3e-adab-564df9a939c6	5cf5553a-8d9a-4bec-81e4-5a5f281640bd	8b5d23a5-52be-4098-bd47-0918b0d130b6	11	1	inbox	2023-10-31 15:19:33.535807	1	-3	\N	0	medium	\N	\N	\N
e03f2efe-f464-44ae-a988-33e25cc5061b	9b872118-82fa-42c4-9d64-234ddb373fa7	8b5d23a5-52be-4098-bd47-0918b0d130b6	1111	1	inbox	2023-10-31 15:21:53.615729	111	1	\N	0	medium	\N	\N	\N
eed0e862-4dc6-4aa7-9774-a59674a5eb70	9b872118-82fa-42c4-9d64-234ddb373fa7	8b5d23a5-52be-4098-bd47-0918b0d130b6	1	1	inbox	2023-10-31 15:24:45.105194	1	105	\N	0	medium	\N	\N	\N
d9514809-61d6-43ba-b89a-a1faffd7db76	9b872118-82fa-42c4-9d64-234ddb373fa7	8b5d23a5-52be-4098-bd47-0918b0d130b6	игорь сторожук	ee	inbox	2023-10-31 15:27:20.660012	111	444	\N	0	medium	\N	\N	\N
36a1cd23-6ad3-4660-b0c9-d4b3600c0bde	9b872118-82fa-42c4-9d64-234ddb373fa7	8b5d23a5-52be-4098-bd47-0918b0d130b6	Igor storozhuk	66666	inbox	2023-10-31 15:29:28.913678	6666666	216	\N	0	medium	\N	\N	\N
77a43754-b285-457f-b105-67c620502b84	9b872118-82fa-42c4-9d64-234ddb373fa7	8b5d23a5-52be-4098-bd47-0918b0d130b6	iphone 12	does not work	inbox	2023-10-31 15:30:53.862594	121221	100	\N	0	medium	\N	\N	\N
ad762e15-2ed0-40ec-83c8-2294c6b8db9d	9b872118-82fa-42c4-9d64-234ddb373fa7	8b5d23a5-52be-4098-bd47-0918b0d130b6	Igor storozhuk	000	inbox	2023-10-31 15:53:22.331537	9999	1	\N	0	medium	\N	\N	\N
8deb75a0-5f56-4f08-9621-b40d6344172e	9b872118-82fa-42c4-9d64-234ddb373fa7	8b5d23a5-52be-4098-bd47-0918b0d130b6	Igor storozhuk	000	inbox	2023-10-31 15:53:52.655619	9999	1	\N	0	medium	\N	\N	\N
f971cb24-5c60-4197-904f-044990f9b7d1	5cf5553a-8d9a-4bec-81e4-5a5f281640bd	8b5d23a5-52be-4098-bd47-0918b0d130b6	iphone 11	21212	inbox	2023-10-31 15:55:55.21814	111121212	1	\N	0	medium	\N	\N	\N
cf53275c-f12c-4e45-b880-931db4dd68d2	9b872118-82fa-42c4-9d64-234ddb373fa7	8b5d23a5-52be-4098-bd47-0918b0d130b6	123443434	4343	inbox	2023-10-31 15:59:48.91635	43343	555	\N	0	medium	\N	\N	\N
cc9a3420-d79f-456a-a69c-f072269de66f	9b872118-82fa-42c4-9d64-234ddb373fa7	8b5d23a5-52be-4098-bd47-0918b0d130b6	4444	444	inbox	2023-10-31 16:10:11.747475	4444	-3	\N	0	medium	\N	\N	\N
e3656e5a-53b8-409f-becf-fd19d7b38699	9b872118-82fa-42c4-9d64-234ddb373fa7	8b5d23a5-52be-4098-bd47-0918b0d130b6	434343434	4	inbox	2023-10-31 16:12:51.900082	434343433434343	4	\N	0	medium	\N	\N	\N
910bcff9-3067-434d-a983-957fdba7ac10	9b872118-82fa-42c4-9d64-234ddb373fa7	8b5d23a5-52be-4098-bd47-0918b0d130b6	5545454	rerere	inbox	2023-10-31 16:14:19.607246	errerere	3	\N	0	medium	\N	\N	\N
f7dd5a17-1334-434d-a290-1373a3c2f075	9b872118-82fa-42c4-9d64-234ddb373fa7	8b5d23a5-52be-4098-bd47-0918b0d130b6	4343434343	434343	inbox	2023-10-31 16:15:47.863612	434343434	3	\N	0	medium	\N	\N	\N
10e8153c-e0be-493e-9be0-8dd177cf333d	9b872118-82fa-42c4-9d64-234ddb373fa7	8b5d23a5-52be-4098-bd47-0918b0d130b6	Igor storozhuk	555	inbox	2023-10-31 16:18:38.727537	555	4	\N	0	medium	\N	\N	\N
883881bc-2281-4a5e-ab66-443a4e998642	9b872118-82fa-42c4-9d64-234ddb373fa7	8b5d23a5-52be-4098-bd47-0918b0d130b6	Igor storozhuk	7777	inbox	2023-10-31 16:20:27.561812	77777	6	\N	0	medium	\N	\N	\N
b3459b99-2f33-441f-911c-3671fe3143d4	9b872118-82fa-42c4-9d64-234ddb373fa7	8b5d23a5-52be-4098-bd47-0918b0d130b6	444444	434343	inbox	2023-10-31 16:21:19.938516	444444	4	\N	0	medium	\N	\N	\N
6443e7a7-3c13-49af-8d30-7970f6497507	9b872118-82fa-42c4-9d64-234ddb373fa7	8b5d23a5-52be-4098-bd47-0918b0d130b6	Igor storozhuk	54545454	inbox	2023-10-31 16:25:25.339621	33545454	5	\N	0	medium	\N	\N	\N
333fc9fa-a452-41cc-8e0d-b5f8e41aac30	9b872118-82fa-42c4-9d64-234ddb373fa7	8b5d23a5-52be-4098-bd47-0918b0d130b6	23232	323232	inbox	2023-10-31 16:26:07.252726	323232	3	\N	0	medium	\N	\N	\N
24c66913-ad42-40ae-9053-d2454b83e263	9b872118-82fa-42c4-9d64-234ddb373fa7	8b5d23a5-52be-4098-bd47-0918b0d130b6	игорь сторожук	8787	inbox	2023-10-31 16:26:47.996572	8887	4	\N	0	medium	\N	\N	\N
435a4848-8d98-4451-858c-1950da5353f0	9b872118-82fa-42c4-9d64-234ddb373fa7	8b5d23a5-52be-4098-bd47-0918b0d130b6	игорь сторожук	323232	inbox	2023-10-31 16:27:52.885898	32244232	4	\N	0	medium	\N	\N	\N
b9e3a399-e355-4bdd-a2a8-45bf550dc552	9b872118-82fa-42c4-9d64-234ddb373fa7	8b5d23a5-52be-4098-bd47-0918b0d130b6	igor storozhuk	766767	inbox	2023-10-31 16:28:33.959194	uuu	2	\N	0	medium	\N	\N	\N
2480a7c8-c8f0-4699-8f45-5bb37ea20ee5	9b872118-82fa-42c4-9d64-234ddb373fa7	8b5d23a5-52be-4098-bd47-0918b0d130b6	e333	3333	inbox	2023-11-01 10:21:48.601141	3333	1	\N	0	medium	\N	\N	\N
02878ecd-33df-43b8-956d-70c9bbfcd53f	9b872118-82fa-42c4-9d64-234ddb373fa7	8b5d23a5-52be-4098-bd47-0918b0d130b6	3	3	inbox	2023-11-01 10:24:45.029022	3	3	\N	0	medium	\N	\N	\N
49e4039e-6460-4476-82f2-f9d6b1cd53fd	9b872118-82fa-42c4-9d64-234ddb373fa7	8b5d23a5-52be-4098-bd47-0918b0d130b6	1	1	inbox	2023-11-01 10:25:38.711572	1	1	\N	0	medium	\N	\N	\N
ee8ecf24-7ec0-4ff0-ba49-dadf6e5795d9	9b872118-82fa-42c4-9d64-234ddb373fa7	8b5d23a5-52be-4098-bd47-0918b0d130b6	333	333	inbox	2023-11-01 10:27:57.548376	333	4	\N	0	medium	\N	\N	\N
1a13155c-1d53-4beb-9e60-6b12c4ec5c33	9b872118-82fa-42c4-9d64-234ddb373fa7	8b5d23a5-52be-4098-bd47-0918b0d130b6	444	4444	inbox	2023-11-01 10:29:06.818741	44444	444	\N	0	medium	\N	\N	\N
e721ab9a-f7ad-45e2-a0f7-343d5e6dccbc	9b872118-82fa-42c4-9d64-234ddb373fa7	8b5d23a5-52be-4098-bd47-0918b0d130b6	eee	eeeee	inbox	2023-11-01 10:33:04.293347	eee	-4	\N	0	medium	\N	\N	\N
0865ce2e-c500-479a-aa80-d28ae8386926	9b872118-82fa-42c4-9d64-234ddb373fa7	8b5d23a5-52be-4098-bd47-0918b0d130b6	4	4343	inbox	2023-11-01 10:35:33.371643	4434343	4	\N	0	medium	\N	\N	\N
7f0b28a4-f8df-43ba-86b4-f8b1fd84370b	9b872118-82fa-42c4-9d64-234ddb373fa7	8b5d23a5-52be-4098-bd47-0918b0d130b6	33333333	3232	inbox	2023-11-01 10:36:54.444017	33323232	32323232	\N	0	medium	\N	\N	\N
a2091455-e362-41e8-8f2c-a549d33914a2	9b872118-82fa-42c4-9d64-234ddb373fa7	8b5d23a5-52be-4098-bd47-0918b0d130b6	\N	rtrtr	inbox	2023-11-01 11:34:35.730546	rtrt	4	\N	0	medium	\N	\N	10cb0869-1684-43ca-bcaf-b9051dad5e8c
3ec5a8b5-da10-42ee-993e-858e46307c1a	9b872118-82fa-42c4-9d64-234ddb373fa7	8b5d23a5-52be-4098-bd47-0918b0d130b6	\N	eeee	inbox	2023-11-01 11:38:49.860258	eee	318	\N	0	medium	\N	\N	66c1afd4-995c-4479-bacb-7b3bd373f397
b631e1a3-1bdc-4071-af4a-b34da8f9acb5	9b872118-82fa-42c4-9d64-234ddb373fa7	8b5d23a5-52be-4098-bd47-0918b0d130b6	\N	Dies not work	inbox	2023-11-01 15:47:09.896083	123244-5567-8777	100	\N	0	medium	\N	\N	066b24fc-64e6-44c0-8ff0-648ebe41d5dc
5da22880-ccbf-4343-bd4c-ea0c2fdf7c91	9b872118-82fa-42c4-9d64-234ddb373fa7	8b5d23a5-52be-4098-bd47-0918b0d130b6	\N	111	inbox	2023-11-01 15:56:03.938292	111	-3	\N	0	medium	\N	\N	a9a5dd34-1859-4f74-b655-8e77dc9ee7fd
f3a7d4f5-3965-431e-a490-0c6c338a9f16	9b872118-82fa-42c4-9d64-234ddb373fa7	8b5d23a5-52be-4098-bd47-0918b0d130b6	\N	4	inbox	2023-11-01 16:04:44.238751	e4	-3	\N	0	medium	\N	\N	\N
bad0dd55-9d00-4b36-9268-7ef389902d0f	9b872118-82fa-42c4-9d64-234ddb373fa7	8b5d23a5-52be-4098-bd47-0918b0d130b6	\N	4343	inbox	2023-11-01 16:06:05.333647	434343	123	\N	0	medium	\N	\N	\N
ea1d7e2d-3f80-43ef-986a-d9a17e365727	9b872118-82fa-42c4-9d64-234ddb373fa7	8b5d23a5-52be-4098-bd47-0918b0d130b6	\N	11111	inbox	2023-11-01 16:06:39.460317	1111	7	\N	0	medium	\N	\N	\N
a648bd54-2470-4632-b71b-d35a6a188a08	9b872118-82fa-42c4-9d64-234ddb373fa7	8b5d23a5-52be-4098-bd47-0918b0d130b6	\N	does not work	inbox	2023-11-01 16:10:11.756197	434343-434-343434-434	1	\N	0	medium	\N	\N	\N
1109a363-894c-483c-b5c1-2f8ccb9d9f69	9b872118-82fa-42c4-9d64-234ddb373fa7	8b5d23a5-52be-4098-bd47-0918b0d130b6	iphone 11	34343	inbox	2023-11-01 16:16:48.601881	43434343	-3	\N	0	medium	\N	\N	\N
115b93bf-332d-48dd-8a2b-3801af89c6aa	9b872118-82fa-42c4-9d64-234ddb373fa7	8b5d23a5-52be-4098-bd47-0918b0d130b6	iphone 12	does not work	inbox	2023-11-01 16:55:01.130841	33-44	1	\N	0	medium	\N	\N	\N
74860215-cd59-44c4-b2d2-d117024d4e2a	9b872118-82fa-42c4-9d64-234ddb373fa7	8b5d23a5-52be-4098-bd47-0918b0d130b6	nokia 3210	desc	inbox	2023-11-01 17:25:11.536921	1122-2244	1	\N	0	medium	\N	\N	\N
72a072ad-a520-4b7d-b45f-7fc3631bea33	5cf5553a-8d9a-4bec-81e4-5a5f281640bd	8b5d23a5-52be-4098-bd47-0918b0d130b6	rrr	rr	inbox	2023-11-01 17:27:43.085347	rrr	-2	\N	0	medium	\N	\N	\N
3c82e0cd-3aa5-42d0-8717-2970dc89af59	5cf5553a-8d9a-4bec-81e4-5a5f281640bd	8b5d23a5-52be-4098-bd47-0918b0d130b6	eeee	eee	inbox	2023-11-01 17:28:54.163658	eeeeee	3	\N	0	medium	\N	\N	\N
d1a58156-ed8f-4329-9f88-356e9621e696	5cf5553a-8d9a-4bec-81e4-5a5f281640bd	8b5d23a5-52be-4098-bd47-0918b0d130b6	rrr	33	inbox	2023-11-01 17:30:48.942293	23232	326	\N	0	medium	\N	\N	f0375fc3-c912-4df4-bda0-5f1baf1f34fb
f1b3d26a-fc5c-4770-8195-4c6db71d248b	5cf5553a-8d9a-4bec-81e4-5a5f281640bd	8b5d23a5-52be-4098-bd47-0918b0d130b6	323232	3232	inbox	2023-11-01 19:11:37.292466	2232	22	\N	0	medium	\N	\N	f2ff17c3-75a1-4df5-b6cb-7e188904dd72
6083f81a-3d8f-48f4-86c7-43545c762f9d	5cf5553a-8d9a-4bec-81e4-5a5f281640bd	8b5d23a5-52be-4098-bd47-0918b0d130b6	Igor storozhuk	21211	inbox	2023-11-01 19:12:48.142954	21212	1	\N	0	medium	\N	\N	72754128-eeeb-469f-a9f9-583ae3f9884c
3404bbac-0480-4fcd-8e1a-c1e91dd4d4f1	9b872118-82fa-42c4-9d64-234ddb373fa7	8b5d23a5-52be-4098-bd47-0918b0d130b6	4444	444	paid	2023-11-01 17:35:16.176673	44	333	\N	0	medium	bd03ab15-28d1-4b2c-8aac-2d3910384c80	\N	72754128-eeeb-469f-a9f9-583ae3f9884c
6ee91745-b9f7-4f45-aa99-d207a4dee16d	5cf5553a-8d9a-4bec-81e4-5a5f281640bd	8b5d23a5-52be-4098-bd47-0918b0d130b6	nokia 3120	does not work	inbox	2023-11-01 19:05:46.389348	3323232	11	\N	0	medium	\N	\N	72754128-eeeb-469f-a9f9-583ae3f9884c
2b34fffe-a4ae-44be-8800-5dd1ac4eef02	5cf5553a-8d9a-4bec-81e4-5a5f281640bd	8b5d23a5-52be-4098-bd47-0918b0d130b6	nokia 1010	does not work	ask client	2023-11-01 19:13:57.040275	4343	4	\N	0	medium	\N	\N	72754128-eeeb-469f-a9f9-583ae3f9884c
45ce72e4-adbb-4d9c-91a6-edddab0c98a1	9b872118-82fa-42c4-9d64-234ddb373fa7	8b5d23a5-52be-4098-bd47-0918b0d130b6	111	111	inbox	2023-11-01 19:30:18.095552	11	4	\N	0	medium	\N	\N	72754128-eeeb-469f-a9f9-583ae3f9884c
e4501652-90ee-4e9d-85ad-50a401be5e90	9b872118-82fa-42c4-9d64-234ddb373fa7	8b5d23a5-52be-4098-bd47-0918b0d130b6	eee	3232	inbox	2023-11-01 19:31:37.272378	2323	333	\N	0	medium	\N	\N	72754128-eeeb-469f-a9f9-583ae3f9884c
b29dcf1d-5063-4acb-832e-48926e23c2fe	6b4c4edc-46e5-4bd7-b6b4-8a05c59ab945	0937b068-40ec-4e37-8ca4-cb6afa6dfb51	111	111	inbox	2023-11-01 19:34:19.914759	3	1	\N	0	medium	\N	\N	3c05fcc4-1cfc-4038-93e7-2b78f373cf2c
c33d763a-2dd4-4cf2-98ba-e7064c3f8d04	5cf5553a-8d9a-4bec-81e4-5a5f281640bd	8b5d23a5-52be-4098-bd47-0918b0d130b6	игорь сторожук	3	inbox	2023-11-02 16:53:26.526225	3	3	\N	0	medium	\N	\N	72754128-eeeb-469f-a9f9-583ae3f9884c
42bbe4c6-4120-48e1-9ec2-f209e637aa9e	5cf5553a-8d9a-4bec-81e4-5a5f281640bd	8b5d23a5-52be-4098-bd47-0918b0d130b6	w	w	inbox	2023-11-02 17:10:15.385731	ww	-2	\N	0	medium	\N	\N	ccd39853-da92-43e8-a33e-e817bd2e1565
ebc79a90-8c94-41dc-9afa-cc0886341a17	5cf5553a-8d9a-4bec-81e4-5a5f281640bd	8b5d23a5-52be-4098-bd47-0918b0d130b6	444	444	inbox	2023-11-02 17:49:31.042043	444	4444	\N	0	medium	\N	\N	9a1bfbb8-0895-4ac1-83cb-a23a8c160584
af7856c6-b58c-4dcf-b8d2-1201a2da1036	5cf5553a-8d9a-4bec-81e4-5a5f281640bd	8b5d23a5-52be-4098-bd47-0918b0d130b6	44	44	inbox	2023-11-02 17:51:22.225556	4	49	\N	0	medium	\N	\N	9a1bfbb8-0895-4ac1-83cb-a23a8c160584
bda24ec1-e3a1-493a-8820-30f963950ac0	5cf5553a-8d9a-4bec-81e4-5a5f281640bd	8b5d23a5-52be-4098-bd47-0918b0d130b6	eee	eeee	inbox	2023-11-02 17:58:00.868015	eee	28	\N	0	medium	\N	\N	9a1bfbb8-0895-4ac1-83cb-a23a8c160584
dd6f6e53-ee6d-443f-b29a-3cfa9190c69c	5cf5553a-8d9a-4bec-81e4-5a5f281640bd	8b5d23a5-52be-4098-bd47-0918b0d130b6	11111	11111	inbox	2023-11-02 18:01:46.673115	111	106	\N	0	medium	\N	\N	86dbae48-cc9a-405f-8c62-c79bbf0fc243
7d0f69cd-1aa7-4f2c-987d-717dba3dd17b	5cf5553a-8d9a-4bec-81e4-5a5f281640bd	8b5d23a5-52be-4098-bd47-0918b0d130b6	111	111	inbox	2023-11-02 18:17:00.403282	1111	11117	\N	0	medium	\N	\N	ccd39853-da92-43e8-a33e-e817bd2e1565
ee6818d1-18fa-4065-aad0-288dc4f045ab	5cf5553a-8d9a-4bec-81e4-5a5f281640bd	8b5d23a5-52be-4098-bd47-0918b0d130b6	1	111	inbox	2023-11-02 18:18:04.140372	11	17	\N	0	medium	\N	\N	ccd39853-da92-43e8-a33e-e817bd2e1565
8a579fd5-5904-48db-b5a5-57b55b250859	5cf5553a-8d9a-4bec-81e4-5a5f281640bd	8b5d23a5-52be-4098-bd47-0918b0d130b6	23232	232323	inbox	2023-11-02 18:28:06.924685	2323	3232	\N	0	medium	\N	\N	72754128-eeeb-469f-a9f9-583ae3f9884c
442b86ce-5d6d-4249-87d3-ddb82deb34e9	5cf5553a-8d9a-4bec-81e4-5a5f281640bd	8b5d23a5-52be-4098-bd47-0918b0d130b6	323232	23232	inbox	2023-11-02 18:41:40.424644	32322323	3226	\N	0	medium	\N	\N	ccd39853-da92-43e8-a33e-e817bd2e1565
0c7f2d68-a5ea-4ccc-a5ed-63f56ca1c7f1	5cf5553a-8d9a-4bec-81e4-5a5f281640bd	8b5d23a5-52be-4098-bd47-0918b0d130b6	332	32	inbox	2023-11-02 19:10:23.848879	32	-2	\N	0	medium	\N	\N	72754128-eeeb-469f-a9f9-583ae3f9884c
a2849c3e-1fa6-4ec3-8b41-ddb57f035b19	5cf5553a-8d9a-4bec-81e4-5a5f281640bd	8b5d23a5-52be-4098-bd47-0918b0d130b6	32323	3232	inbox	2023-11-02 19:13:02.902973	3232	323226	\N	0	medium	\N	\N	4408b211-3d82-4425-891f-79633ace65ba
2c7e02cb-4fc9-495e-9d02-ad7142d26e84	5cf5553a-8d9a-4bec-81e4-5a5f281640bd	8b5d23a5-52be-4098-bd47-0918b0d130b6	dd	rewrwerer	inbox	2023-11-02 19:31:44.319015	rererwe	5454	\N	0	medium	\N	\N	87f9841d-b3da-4bc6-b321-4243376f58b4
780e0819-c7a0-4bc3-ba1a-6ffbe00a60ce	5cf5553a-8d9a-4bec-81e4-5a5f281640bd	8b5d23a5-52be-4098-bd47-0918b0d130b6	nokia 1011	111	inbox	2023-11-02 19:41:16.802204	111	22121	\N	0	medium	\N	\N	936a35dc-e278-4691-94f6-ea80d5a3aedf
62c0dddf-d4dc-4d9d-8607-9d33cb1884f1	5cf5553a-8d9a-4bec-81e4-5a5f281640bd	8b5d23a5-52be-4098-bd47-0918b0d130b6	my phone 12	does not work	inbox	2023-11-02 20:06:57.59061	43434	3	\N	0	medium	\N	\N	72754128-eeeb-469f-a9f9-583ae3f9884c
10972935-1d47-4ae9-bc98-1a15acf55947	9b872118-82fa-42c4-9d64-234ddb373fa7	8b5d23a5-52be-4098-bd47-0918b0d130b6	4343	34343	inbox	2023-11-02 20:16:51.736353	34343	34343434343	\N	0	medium	\N	\N	86dbae48-cc9a-405f-8c62-c79bbf0fc243
1430a70d-dcdf-4698-8f64-cf2a123ec5bf	9b872118-82fa-42c4-9d64-234ddb373fa7	8b5d23a5-52be-4098-bd47-0918b0d130b6	43434	34343	inbox	2023-11-02 20:17:05.301679	343434	43434	\N	0	medium	\N	\N	72754128-eeeb-469f-a9f9-583ae3f9884c
86090835-5d05-4712-a86e-5a010472a98d	9b872118-82fa-42c4-9d64-234ddb373fa7	8b5d23a5-52be-4098-bd47-0918b0d130b6	iphone 13	change glass 	inbox	2023-11-03 13:42:43.323789	123-244-555	100	\N	0	medium	\N	\N	19b69a15-7a5b-42c5-be59-c3f79ffda85b
1804a24e-2cbe-40ae-9d75-0142953c7362	9b872118-82fa-42c4-9d64-234ddb373fa7	8b5d23a5-52be-4098-bd47-0918b0d130b6	32323	3232	inbox	2023-11-03 13:44:42.935862	23232	3232	\N	0	medium	\N	\N	f0375fc3-c912-4df4-bda0-5f1baf1f34fb
48e715d4-b65c-43be-af12-5fb3481631ca	45862c96-b5c3-40c9-bba2-f88ccdd5299d	530e5a31-cbd6-4972-9e80-7add3595337b	Tablet Y10G001S4M	Не заряджається	paid	2024-09-08 18:52:09.03409	S/N: IFT934059232	0	Пропаяв роз'єм для зарядки. 	30	high	4727aa0a-bc04-49dd-96c3-351afdc61349	2024-10-08 22:00:00	7dafe354-fb4d-4fab-b0e4-3dc7804d310e
de0a10af-8373-4e96-9352-eb4bcb1b6ed8	9b117bbb-63d5-409c-b777-21ca9a0f4bde	f6936ca7-c5ff-4f4c-b3e1-ad2253369941	IPhone 7	Audioic	inbox	2024-09-18 06:37:10.394146	123	0	\N	1000	medium	\N	\N	557589c5-fac6-4780-a280-7d1c8214ac4f
2b9c7904-3e26-4462-88e8-3dc00b2a0816	45862c96-b5c3-40c9-bba2-f88ccdd5299d	530e5a31-cbd6-4972-9e80-7add3595337b	Moto e40	Побитий дисплей, потрібна заміна. \nДві сім карти та карта пам'яті в середині. \n	paid	2024-09-04 17:04:42.637757	IMEI: 354264976722730 / 354264976722748	-1	\N	35	high	4727aa0a-bc04-49dd-96c3-351afdc61349	\N	2243936b-3a49-4cad-8837-430199484f87
96d4c2e9-414b-4cca-a478-52c99320eaef	45862c96-b5c3-40c9-bba2-f88ccdd5299d	530e5a31-cbd6-4972-9e80-7add3595337b	Samsung Galaxy A22 5G	Заблокований, невідомий пароль	paid	2024-09-17 17:36:57.073562	-	15	Зкинув на заводські налаштування через факторі ресет. 	10	high	4727aa0a-bc04-49dd-96c3-351afdc61349	\N	cf5985e7-ca12-4073-8cfb-2615835eceb9
91a80a7e-7483-42d7-8576-5d0eddd886e5	7d9dbb7b-e097-4a63-b4f4-852a2504a170	95fa2197-9804-4816-86e9-e4a0b2d563f1	1	1	inbox	2024-09-17 22:15:50.515339	1	1	\N	0	medium	\N	\N	55a78934-84dc-405e-be2c-88005e4bb511
cba7d9ea-63a0-47aa-ae2f-b0fb16ee45a4	45862c96-b5c3-40c9-bba2-f88ccdd5299d	530e5a31-cbd6-4972-9e80-7add3595337b	Redmi Note 7	Відклеїна задня кришка. Потребується заміна акамулятора.	paid	2024-09-05 13:43:28.73783	IMEI: 864605045614386 / 864605046364387	30	\N	30	high	4727aa0a-bc04-49dd-96c3-351afdc61349	\N	7e3a2eff-a4bf-41ad-b5c4-01b5723d04f8
f3a73217-b986-4e4f-84fc-4f0150fb6450	45862c96-b5c3-40c9-bba2-f88ccdd5299d	530e5a31-cbd6-4972-9e80-7add3595337b	Samsung S9 SM-G960F/DS	Побита задня кришка, погано тримає акамулятор	paid	2024-09-03 21:40:12.196436	S/N: R58K22ES9XY IMEI: 352711094416894 / 35271209441689	0	Виконані задачі: чистка роз'єму\nЗадачі: заміна акамулятора й задньої кришки.\nSamsung Akku 9,90€\nЗадня кришка 5,93€\nДоставка 5,95€ \nВсього: 21,78€\nЗаробіток: 18,22€	40	medium	4727aa0a-bc04-49dd-96c3-351afdc61349	\N	ee5c48cb-f2ad-4cd6-8903-cce78b4e195a
f4875a6b-e1f1-4ac5-b1c8-3621e18592fb	45862c96-b5c3-40c9-bba2-f88ccdd5299d	530e5a31-cbd6-4972-9e80-7add3595337b	Apple MacBook Air 13 (А1466)	Гріється при навантаженні 	paid	2024-12-06 10:34:16.558767	S/N: C02L3129F5V7	0	Виконано: \nЗаміна термопасти, чистка від пилу, чистка кнопки "пробіл", чистка системи 	30	medium	4727aa0a-bc04-49dd-96c3-351afdc61349	2025-01-04 23:00:00	95e94d8f-c675-4799-b201-fff9d702c670
ab880597-7003-4ae7-8dd2-c87f62804849	45862c96-b5c3-40c9-bba2-f88ccdd5299d	530e5a31-cbd6-4972-9e80-7add3595337b	Xiaomi Mi A3	Не працює дисплей після падіння	paid	2024-09-03 21:15:15.813819	M1906F9SH	0	Старий телефон батька Маргарити. Його взяв Ілля в користування, впав з ліжка, розбилась матриця.\nРемонт за мій рахунок. \nЦіна запчастини: 15,99€	0	medium	4727aa0a-bc04-49dd-96c3-351afdc61349	\N	079c4b47-7cd1-4385-8f1a-d6b476ba8942
202a4ec4-7cfb-43d4-abcb-2a9711fa012e	f43e6d2f-061c-4f04-acf0-ff67c84528b5	6e211cb2-0f2f-46ba-af48-d566784116a9	iphone11	1	inbox	2024-09-17 22:32:41.958923	1	1	\N	0	medium	\N	\N	343ca137-3a19-4565-990b-5274e24c3a14
e284765e-4c14-4d9d-a31f-bc1198d7dbe7	7d9dbb7b-e097-4a63-b4f4-852a2504a170	95fa2197-9804-4816-86e9-e4a0b2d563f1	iphone5	1	inbox	2024-09-17 22:33:52.164074	1	0	\N	0	medium	\N	\N	33bfb963-3c27-4fb2-8810-d76dc7530a9c
e6f256a7-6efa-44af-807a-c8cd8fecb185	7d9dbb7b-e097-4a63-b4f4-852a2504a170	95fa2197-9804-4816-86e9-e4a0b2d563f1	iphone4	111	inbox	2024-09-17 22:34:28.742098	111	1	\N	0	medium	\N	\N	e24d418a-5a5a-4f64-ae05-5a67f818badf
3e49044a-d660-4d52-958f-aa8532b12fcc	45862c96-b5c3-40c9-bba2-f88ccdd5299d	530e5a31-cbd6-4972-9e80-7add3595337b	Samsung A12 SM-A127F/DSN	Побитий дисплей	paid	2024-09-07 18:01:41.57165	S/N R58R85ND1ME	0	Вже робився дисплей, тепер знову. \nЦіна за роботу 45€\nДисплей: 26.65\nЧистими: 18,35 	45	medium	4727aa0a-bc04-49dd-96c3-351afdc61349	\N	7bba1837-5aae-4101-af78-422fa688efa9
e4c9dda1-bc97-44c8-a375-a694b0839046	45862c96-b5c3-40c9-bba2-f88ccdd5299d	530e5a31-cbd6-4972-9e80-7add3595337b	Samsung Galaxy A13	Не ловить зв'язок	paid	2024-09-14 16:06:08.046865	S/N: RZ8T702PGVH	0	Оновив прошивку по повітрю, почало нормально дзвонити. Чистка динаміку та мікрофону.	10	high	4727aa0a-bc04-49dd-96c3-351afdc61349	\N	9cd07a0a-ce7f-46c6-86b7-14a42d2a27af
8ef240d9-d0bd-4c6f-8de8-3b0e08acfc0a	f43e6d2f-061c-4f04-acf0-ff67c84528b5	6e211cb2-0f2f-46ba-af48-d566784116a9	iphone 1	does not work	inbox	2024-09-17 23:08:36.926335	1	0	\N	0	medium	\N	\N	bc40762f-e351-4787-a51d-7329e07b42f8
cf289301-ffb9-4f20-b73a-beeea3266db2	6a7ba1c7-9c27-4616-ba63-43f02a026731	21872916-d1fa-4ffb-bd64-ffe50731962a	iphone 1	does not work	inbox	2024-09-17 23:15:32.979004	12312	100	\N	0	medium	\N	\N	aff94774-8a3b-485f-98d4-647b44e7a901
251fb4eb-f284-4f65-9669-b04e95b4a7ec	2effc986-7e2a-4289-a64f-50ff281d710e	c8832f68-6611-4b50-a5ab-7a9bf23653f5	hp250g8	Замена клавы\nпароль 2508	done	2024-12-07 12:03:33.69656	00000	0	работа 800грн,  450грн лавіатура предоплату зробив 100грн, ноиер замовлення 6037. оставили 700 грн предоплаты\n20451058416568\n	0	medium	\N	\N	27c4ab50-45a6-48e6-8dac-c4b88fa911d0
f079381b-c08f-4aa0-9dc5-bd5925310a13	45862c96-b5c3-40c9-bba2-f88ccdd5299d	530e5a31-cbd6-4972-9e80-7add3595337b	Samsung Galaxy M13	Заміна захисного скла	paid	2024-09-18 13:29:35.684055	S/N: 353170566092395	10	Захисне скло з AliExpress \n08.09.2024 2.59€ 4 шт.\n7,41€ чистий заробіток	0	medium	4727aa0a-bc04-49dd-96c3-351afdc61349	\N	881ba089-197d-4374-86ec-6689b6e5dc1e
5756b57a-f153-41ee-b751-c16ad5ffb7bf	45862c96-b5c3-40c9-bba2-f88ccdd5299d	530e5a31-cbd6-4972-9e80-7add3595337b	Asus X515J	Тріснута матриця	paid	2024-09-18 08:02:57.804275	SN: N6N0CX05Y435239	0	Замінена матриця, чистка, \nЗаміна термопасти - 10€\nВстановлення word, exel, powerpoint - 5€\n49,90€ за матрицю. 40,1€ - чистими	90	medium	4727aa0a-bc04-49dd-96c3-351afdc61349	2024-10-24 22:00:00	c548bf26-679d-4ebb-bb02-b4c480a0f40f
ea605457-c976-4e29-8acd-c5d7a8b61421	45862c96-b5c3-40c9-bba2-f88ccdd5299d	530e5a31-cbd6-4972-9e80-7add3595337b	Redmi 10 2022	Побитий дисплей. 	paid	2024-09-26 08:03:47.547095	IMEI: 860458066734624 / 860458066734632	0	Замінив дисплей з рамкою орігінал з іншого телефону. Xiaomi Redmi 10 2022 Model: 22011119UY. \n50€ за телефон. 20 віддаю Віталію з Лютерхаусу\n2€ за скло з ebey. 	50	medium	4727aa0a-bc04-49dd-96c3-351afdc61349	\N	bc1a5765-6549-4b29-b81b-15fc803d8340
1c87ca7a-b69a-4d1e-83f9-db0b685cf30f	6a7ba1c7-9c27-4616-ba63-43f02a026731	21872916-d1fa-4ffb-bd64-ffe50731962a	iphone 1	does not work	inbox	2024-09-28 21:03:06.904787	123q	0	\N	0	medium	\N	\N	aff94774-8a3b-485f-98d4-647b44e7a901
7edf0d2f-f24d-447c-bced-feff5b90e249	f2f1db38-b4e9-4dfa-9e64-43a934a9fb45	636f2c1f-d194-4955-b2c0-415b54427f32	Ноутбук	111	inbox	2024-10-15 13:32:54.886166	111	10	\N	0	medium	\N	\N	6074ad42-f661-4bb6-b699-bda879b97f95
261e7347-4444-4475-aacb-ea1e9e183a93	45862c96-b5c3-40c9-bba2-f88ccdd5299d	530e5a31-cbd6-4972-9e80-7add3595337b	Acer Aspire A515-51	Обслуговування після покупки	paid	2024-10-03 21:54:02.852342	S/N: NXGTCEG001830003113400	0	Їздив з ним щоб купити у клієнта ноутбук. Я дізнався що не працює правий динамік, але їм казати не буду. Замінив термопасту та термопрокладки. 	20	medium	4727aa0a-bc04-49dd-96c3-351afdc61349	2024-11-03 23:00:00	fbb6ae67-80d3-438d-a4ea-cd5c643cfd83
e38eaaf3-0443-480c-89c3-8974b3c8c371	45862c96-b5c3-40c9-bba2-f88ccdd5299d	530e5a31-cbd6-4972-9e80-7add3595337b	Dell Inspiron P130G	Запускається діагностика ноутбуку.	paid	2024-10-03 21:59:03.00019	-	0	Намагалася викрутити гвинт, я його підпиляв, і у висновку викрутив маленькою бітою. Відрив, від'єднав батарею, проблема не вирішилась. Зайшов та видалив останнє оновлення, перезапустив й це допомогло. Робив це на дому. 	20	medium	4727aa0a-bc04-49dd-96c3-351afdc61349	2024-11-02 23:00:00	b7facee1-d86a-443a-a438-87a6546e4576
a1b41ba0-e9ba-40b1-9817-c04ff252981a	45862c96-b5c3-40c9-bba2-f88ccdd5299d	530e5a31-cbd6-4972-9e80-7add3595337b	Galaxy Таb А SM-T515	Розбитий екран	done	2024-10-31 19:11:58.171864	S/N: R52MC0EACBX IMEI: 352648113232532	3	Замовлено екран на AliExpress за 36,89€ 17.10.2024\nЗахисне скло на AliExpress за 7,24€ 17.10.2024´\nЧохол з AliExpress 02,11,2024 за -0,10€ повернув назад\nЧекаємо на чохол\nЗаплатила 3€ раніше, беру з неї ще 60€. \nЧистими: 18,77€	60	medium	4727aa0a-bc04-49dd-96c3-351afdc61349	\N	65be3a72-c086-45f3-8e72-20067526c435
edcb85b2-9411-4b70-b139-44c514d95d57	6a7ba1c7-9c27-4616-ba63-43f02a026731	21872916-d1fa-4ffb-bd64-ffe50731962a	iphone 11	do not work	inbox	2024-10-11 19:44:39.193783	11111	0	\N	0	medium	\N	\N	aff94774-8a3b-485f-98d4-647b44e7a901
87180a51-46a2-4822-b93a-df78ab49cf67	45862c96-b5c3-40c9-bba2-f88ccdd5299d	530e5a31-cbd6-4972-9e80-7add3595337b	Xiaomi 11 Lite 5G NE	Залипла кнопка увімкнення. 	paid	2024-10-10 17:32:13.288018	IMEI: 865298051052680 / 865298051052698	0	Розібрав, почистив кнопку та всередині поставив на місце чорну вставку.  	25	medium	4727aa0a-bc04-49dd-96c3-351afdc61349	2024-11-09 23:00:00	d55d20a8-bd5a-45b6-b43c-5d9e26ca13d2
18b5a266-0845-47ea-bb71-91fdd06d7f46	45862c96-b5c3-40c9-bba2-f88ccdd5299d	530e5a31-cbd6-4972-9e80-7add3595337b	Acer Aspire 5 N22C6	Потрібна оптимізація	paid	2024-10-05 09:28:52.881447	S/N: NXK80EG0023211424D3400	0	Прогнав на віруси, знайшлися російські віруси. Оновив драйвера, оновив систему та видалив зайві програми	10	medium	4727aa0a-bc04-49dd-96c3-351afdc61349	2024-11-05 23:00:00	65be3a72-c086-45f3-8e72-20067526c435
9adb8352-8419-499f-bc00-9034292e6077	45862c96-b5c3-40c9-bba2-f88ccdd5299d	530e5a31-cbd6-4972-9e80-7add3595337b	Samsung Tab A (8.0", 2019) SM-T290	Побитий екран	paid	2024-10-05 09:13:53.525386	S/N: R9WR300FK7J	0	Поставив екран який замовив 16.09.2024 на Aliexspress за ціною 7,26€ з урахуванням повернення. Прийшов новий дисплей за ціною: 16,62€(24.09.2024), та скло за 5,09€(16.09.2024)\nЗамінив екран та поклеїв скло.\nЧистими 21,03€	50	medium	4727aa0a-bc04-49dd-96c3-351afdc61349	2024-11-05 23:00:00	65be3a72-c086-45f3-8e72-20067526c435
a844efb4-29fe-4ccf-b3bb-607bb96edab1	9b872118-82fa-42c4-9d64-234ddb373fa7	8b5d23a5-52be-4098-bd47-0918b0d130b6	11111	111	inbox	2024-11-05 15:07:23.377764	111	1	\N	0	medium	\N	\N	2a7e26d8-7534-4292-958c-96dee2382cbf
2dbc7b50-965d-4177-853b-f0cac4c1a317	45862c96-b5c3-40c9-bba2-f88ccdd5299d	530e5a31-cbd6-4972-9e80-7add3595337b	Lenovo TB-X606F	Розбитий екран	paid	2024-10-09 23:15:01.619951	S/N: HVA1STWS	0	Екран куплено на AliExpress за 31,99€ 28.09.2024\nКуплено захисне скло 2 шт. 8,04€ 28.09.2024\nЧохол 8,19€ 28.09.2024\n	70	medium	4727aa0a-bc04-49dd-96c3-351afdc61349	2024-11-11 23:00:00	bc1a5765-6549-4b29-b81b-15fc803d8340
4fb47a45-3827-4e50-9a7d-fea1b69278b1	a14f4d4a-d45d-4c94-ab9c-bcc0dfb181b1	b80db167-d899-4404-9740-43fe7a2c3fcf	redmi 8	заміна екрану	inbox	2024-11-08 16:43:49.222956	5989548625014503	200	\N	1500	medium	72bcbb87-ce96-45f5-908b-9dc4312eef72	\N	91d41123-112e-4715-a638-fd58e0a0ff68
f2126293-5fc9-46d7-ae98-18ffee2d0d1a	45862c96-b5c3-40c9-bba2-f88ccdd5299d	530e5a31-cbd6-4972-9e80-7add3595337b	Galaxy S20 FE SM-G780F/DS	Розбитий екран	paid	2024-10-12 09:22:26.649986	S/N: RF8NA1AV3FA IMEI: 354791642970590 / 358890542970597	0	Квитанція з запчастин\nSAM-781-XDW Samsung Galaxy S20 FE 5G (G781) Display (mit\nRahmen) weiß (Cloud white)\n 49,90 €\n1 SAM-780-YYA Samsung Galaxy S20 FE 4G/5G Akku - 24,90€\nRechnungsdatum: 09.10.2024\n3. Захисне скло Samsung S20FE (серветки в комплекті 2 шт.) – 1 шт.  \n   Ціна: 1.42€ за штуку  \n   Дата замовлення: 08.09.2024  \n   Джерело: AliExpress\nВсього за запчастини: 76,22€\nЧистими: 28,78€	105	medium	4727aa0a-bc04-49dd-96c3-351afdc61349	2024-11-11 23:00:00	cf5985e7-ca12-4073-8cfb-2615835eceb9
2d477b21-3586-440e-b094-d1649caf15cf	6a7ba1c7-9c27-4616-ba63-43f02a026731	21872916-d1fa-4ffb-bd64-ffe50731962a	iphone 9	does not work	inbox	2024-11-05 15:26:12.120277	1111	0	\N	0	medium	\N	\N	aff94774-8a3b-485f-98d4-647b44e7a901
ad71f2cd-4663-4f3f-b72a-d1c4372bb1c5	45862c96-b5c3-40c9-bba2-f88ccdd5299d	530e5a31-cbd6-4972-9e80-7add3595337b	Принтер Canon lbp 6310dn F161900	Заїдає папер, погано друкує по боках	paid	2024-10-31 18:59:30.033035	S/N: MTLA035181	0	Замовлено термоплівку на AliExpress за 13,77€ 28.09.2024\nФюзерне мастило на AliExpress  за 14,84€ 28.09.2024  \nЗа ремонт 20€ \nВсього: 50€\nЧистими: 21,39€	50	medium	4727aa0a-bc04-49dd-96c3-351afdc61349	2024-11-30 23:00:00	cb19e5db-b49f-49ba-b3e9-b9f10d774fff
9f39924d-9eb6-4984-998f-735a20cb6d7a	a14f4d4a-d45d-4c94-ab9c-bcc0dfb181b1	b80db167-d899-4404-9740-43fe7a2c3fcf	Iphone 7	Заміна плати і тач ід	done	2024-11-08 14:16:23.145057	Відсутні 	0	\N	500	low	72bcbb87-ce96-45f5-908b-9dc4312eef72	\N	5a6901c6-c203-403a-b1dd-1d017e8c024f
5c421ec2-8e00-4da8-b507-a8708adae971	2effc986-7e2a-4289-a64f-50ff281d710e	c8832f68-6611-4b50-a5ab-7a9bf23653f5	hp офис	установка офис	done	2024-12-07 13:24:09.148861	0000	150	\N	0	medium	\N	\N	93618083-e29e-46c4-b6c7-888f3b774e50
51b5f71e-9fc0-4fc4-8c42-3e5c9d38c03c	2effc986-7e2a-4289-a64f-50ff281d710e	c8832f68-6611-4b50-a5ab-7a9bf23653f5	батарея 3 этаж	1500 грн, не получаю не чего	done	2024-12-07 11:23:51.768772	00000	0	20451058091432	0	medium	\N	\N	9a1f0e26-090e-4073-b452-d4304bc04f9a
bb38044b-8b1c-4d0a-9228-b8fe940ceac1	45862c96-b5c3-40c9-bba2-f88ccdd5299d	530e5a31-cbd6-4972-9e80-7add3595337b	Acer Aspire A315-53	Повільно працює, потребує заміни жорстокого диску. Не працює камера.	paid	2024-11-15 19:09:44.702765	S/N: NXH38EU024847024B83400	0	Замовлено шлейф для камери й матриці, на амазоні 31.10.2024 за 23,99€ але я повернув його назад бо проблема виявилась в камері в якій я запаяв контакти для з'єднання.\nТакож замовив там Patriot P300 M.2 PCle Gen 3×4 256 GB SSD 31.10.2024 за 19,45€.\nПереніс інформації з одного диску на інший. \nЗаплатила 85€, з них 15€ я повернув їй назад за шлейф для матриці й камери. \nЧистими: 50,55€	85	medium	4727aa0a-bc04-49dd-96c3-351afdc61349	2024-12-13 23:00:00	b50977df-230c-4a67-8bc9-c197228a2a0d
0be0c927-5ca3-428a-b8bb-a68ff2c51170	2d82ae8a-010f-4181-9a8c-b1b43c72f802	8e23e9e6-587f-4ec1-89fc-23a93f9e120b	iphone 13	test	inbox	2024-11-15 17:55:38.545549	23232	0	\N	0	medium	efdc1ee5-448c-4883-9662-b76b0fca8b8a	\N	27645367-0955-472c-8ffe-ee0f8edfc9e4
0336bde8-0a21-481b-aea7-943ca829dc6b	6a7ba1c7-9c27-4616-ba63-43f02a026731	21872916-d1fa-4ffb-bd64-ffe50731962a	iphone 9	test	inbox	2024-11-15 18:04:03.572962	1234567890	0	\N	0	medium	\N	\N	bcaec160-69b3-44fc-b094-cab66a186d80
57755111-e9e2-41f9-b669-b8fc017a50f1	45862c96-b5c3-40c9-bba2-f88ccdd5299d	530e5a31-cbd6-4972-9e80-7add3595337b	Galaxy Таb А8	Тріснутий дисплей, пішла чорна полоса	paid	2024-11-15 18:30:49.737586	S/N: R9PTC00HCJV	0	Дисплей замовлено на AliExspress 02.11.2024 за 29,49€\nЗахисне скло замовлено на AliExspress 02.11.2024 за 5,09€\nЧохол замовлено на AliExspress 02.11.2024 за 4,20€, зробили повернення.\nВсього разом 34,99€\nЧистими: 35,71€	70	medium	4727aa0a-bc04-49dd-96c3-351afdc61349	2024-12-14 23:00:00	eabae481-e794-4582-9223-40f732d530f3
3cf9d895-fd9e-4543-b09c-f2bb870c0989	6a7ba1c7-9c27-4616-ba63-43f02a026731	21872916-d1fa-4ffb-bd64-ffe50731962a	qqqqq	qqqq	in progress	2024-11-12 11:17:18.401397	qqqqqq	0	\N	0	medium	\N	\N	dde0b06a-7fb7-4f90-a97e-aa4124fc6619
f6bd59b5-947b-40e4-9399-bf13ed029872	e365ccdf-0fab-4c17-a88d-c7f16e56b027	cbbce287-5f22-4aff-81d2-f0058f0734e8	qqq	qqq	inbox	2024-11-12 13:03:42.273203	qqq	0	\N	0	medium	\N	\N	c0bc22cf-8b05-4c45-9ae1-987309b48b2d
ed5ca658-b557-4656-9a24-4aae40d65e05	e365ccdf-0fab-4c17-a88d-c7f16e56b027	cbbce287-5f22-4aff-81d2-f0058f0734e8	aaa	aaa	inbox	2024-11-12 13:17:37.681168	aa	0	\N	0	medium	\N	\N	26189efc-0157-4dc4-9487-ad6f3ed11b50
5fa3c267-cc23-47e3-ae5d-88af519d9054	6a7ba1c7-9c27-4616-ba63-43f02a026731	21872916-d1fa-4ffb-bd64-ffe50731962a	iphone 17	does not work	inbox	2024-11-12 13:25:37.689097	122323232	0	\N	0	medium	\N	\N	dde0b06a-7fb7-4f90-a97e-aa4124fc6619
21bf4cc3-de37-4a03-b468-dcbec588106d	45862c96-b5c3-40c9-bba2-f88ccdd5299d	530e5a31-cbd6-4972-9e80-7add3595337b	Lenovo TB-X505L	Розшатаний роз'єм	paid	2024-11-10 16:18:50.029851	S/N: HGALFBMC IMEI: 866647054644613	29	Заміна нижної плати. Замолено за AliExpress 01.11.2024 за 2,92€\nЧистими: 27,08€	1	medium	4727aa0a-bc04-49dd-96c3-351afdc61349	2024-12-11 23:00:00	73a5c6c4-8fe0-495f-a95a-99b01d464bb1
5f76c76f-ae31-4880-819a-c240e91e7dc9	45862c96-b5c3-40c9-bba2-f88ccdd5299d	530e5a31-cbd6-4972-9e80-7add3595337b	Dell 502X	Повільно працює.\n	paid	2024-11-10 16:28:19.652327	-	0	Заміна жорстокого диску, замовлено на Amazon за 13,35€(610 грн по курсу)  02.11.2024 \nЗаміна термопасти та чистка від пилу.\nПередплата за диск 700 грн. \n90 грн.	0	medium	4727aa0a-bc04-49dd-96c3-351afdc61349	\N	cdcabf94-5833-4fe8-8fef-a9f4ba4f1c6c
c8f08e36-331f-41f0-a35b-8550eacc25f3	e365ccdf-0fab-4c17-a88d-c7f16e56b027	cbbce287-5f22-4aff-81d2-f0058f0734e8	4	4	inbox	2024-11-12 22:12:22.776434	4	11	\N	0	medium	\N	\N	697404ed-d4f9-4b2e-8fcf-9bcd56a4cb43
31eb8089-4f91-4586-af79-37c05035e4bc	e365ccdf-0fab-4c17-a88d-c7f16e56b027	cbbce287-5f22-4aff-81d2-f0058f0734e8	1234567	0	inbox	2024-11-12 22:19:25.15987	0	8	\N	0	medium	\N	\N	c0bc22cf-8b05-4c45-9ae1-987309b48b2d
5a8df234-4846-4e08-9f6f-82cef9dfb8c0	e365ccdf-0fab-4c17-a88d-c7f16e56b027	cbbce287-5f22-4aff-81d2-f0058f0734e8	iphone se13	does not work	inbox	2024-11-12 22:23:04.364423	2121212	0	\N	0	medium	\N	\N	26189efc-0157-4dc4-9487-ad6f3ed11b50
f176cdf7-003d-4dfd-b847-c6dffd3198cb	6a7ba1c7-9c27-4616-ba63-43f02a026731	21872916-d1fa-4ffb-bd64-ffe50731962a	e	eee	inbox	2024-11-12 22:31:31.164625	ee	-12	\N	0	medium	\N	\N	4316f755-755e-42cd-a3a5-32df574a3ce1
0b706cf8-d4d9-4b6b-b246-381ba3ed1974	6a7ba1c7-9c27-4616-ba63-43f02a026731	21872916-d1fa-4ffb-bd64-ffe50731962a	1992929292	does not work	inbox	2024-11-13 16:06:22.859567	2222	1	\N	0	medium	\N	\N	52a5ec51-2c19-4389-abb1-9b41a1419b50
a12c8464-6b65-4cf6-81dc-d2e50e3d2b4f	8dcd8f47-2a5c-497d-9862-984b034c5694	cbbce287-5f22-4aff-81d2-f0058f0734e8	iphone 12	1	ask client	2024-11-12 22:25:28.361915	1111	1	note	0	medium	\N	\N	c5d8c4d6-f551-457f-aae7-91a3510b9eda
dd2bd973-3ac0-49e4-8b37-1d15742d29c0	45862c96-b5c3-40c9-bba2-f88ccdd5299d	530e5a31-cbd6-4972-9e80-7add3595337b	ROG Flow X13 (2022)	Сильно нагрівається	paid	2024-11-23 23:17:09.347528	SN: N9NRKD02318638D	0	Роз'єм для батареї з AliExpress 09.08.2024 за 10,38€.13.09.2024 Отримав ноутбук з ремонту, але повертаю назад, бо ноутбук замикається.\nЗаплатив: 50€\n18.10.2024 Отримав ноутбук, потрібна заміна акамулятора, який вже замовив інший сервіс. Заплатив: 30€.\n08.11.2024 Отримав ноутбук з вирішеною проблемою по зарядці. Заплатив: 180€\nВсього в мінус: 240,38€	-240.38	high	4727aa0a-bc04-49dd-96c3-351afdc61349	2024-12-07 23:00:00	40a8f32d-1ff4-4e2a-a8fb-d3263ac54f5e
d665cbf9-de8b-464d-b44f-328752989ff1	2d82ae8a-010f-4181-9a8c-b1b43c72f802	8e23e9e6-587f-4ec1-89fc-23a93f9e120b	iphone 13	212121	inbox	2024-11-15 17:55:04.342389	212121	0	\N	0	medium	\N	\N	0b0d5730-e3ee-4753-bf35-cf90da0ee319
c70960c9-2dde-4160-8cdd-3bfd2aafd0c7	6a7ba1c7-9c27-4616-ba63-43f02a026731	21872916-d1fa-4ffb-bd64-ffe50731962a	iphone 12	test	inbox	2024-11-15 17:59:58.368778	1234567890	-7	\N	0	medium	\N	\N	aff94774-8a3b-485f-98d4-647b44e7a901
58338606-a5c4-4e47-a4c6-e7fcde665c3e	6a7ba1c7-9c27-4616-ba63-43f02a026731	21872916-d1fa-4ffb-bd64-ffe50731962a	090909	test	inbox	2024-11-15 18:02:19.180209	090909	0	\N	0	medium	\N	\N	b218f713-f81e-4925-9244-9eaec35e3579
70682342-ca1f-4d73-b916-8f72c879bfbc	6a7ba1c7-9c27-4616-ba63-43f02a026731	21872916-d1fa-4ffb-bd64-ffe50731962a	iphone 9	test	inbox	2024-11-15 18:03:04.665496	44324234324332	9	\N	0	medium	\N	\N	3559111b-b7f0-4529-91f6-1dc2ec2e373f
9da7b890-1015-41f1-b7b0-768b0758926f	45862c96-b5c3-40c9-bba2-f88ccdd5299d	530e5a31-cbd6-4972-9e80-7add3595337b	Xiaomi Redmi 9 Sunset Purple (M2004J19AG)	Розбитий екран	paid	2024-11-30 19:43:45.455778	-	0	Дисплей замовлено на Aliexpress \nДата замовлення: 22.10.2024 Всього:14,99€.\nПотрібно замовити захисне скло, за нього прошу 5€ замовлю за 3,15€. \nЗа ремонт 40€\nЧистими: 21,86€	40	medium	4727aa0a-bc04-49dd-96c3-351afdc61349	2024-12-28 23:00:00	65be3a72-c086-45f3-8e72-20067526c435
93a4c350-a8c7-47dc-9516-8a4e9d8433be	2effc986-7e2a-4289-a64f-50ff281d710e	c8832f68-6611-4b50-a5ab-7a9bf23653f5	найстройка айпада	Телеграм через 6 дней	done	2024-12-05 09:56:48.137838	0000	190	\N	150	medium	\N	\N	13a0195f-57f2-479f-82a4-367826503882
3ccbec41-2b42-44af-aec3-4ab9d9cd6e59	2effc986-7e2a-4289-a64f-50ff281d710e	c8832f68-6611-4b50-a5ab-7a9bf23653f5	мед	1	done	2024-12-05 10:18:09.302314	0000	190	\N	0	medium	\N	\N	f1fdfce0-e905-4d28-b186-d5dc3f2138c0
cdf44c7e-69cc-406a-bd4e-9630b88bb53d	2effc986-7e2a-4289-a64f-50ff281d710e	c8832f68-6611-4b50-a5ab-7a9bf23653f5	мышка	Замена кнопки	done	2024-12-03 15:38:58.960389	0000	0	0968951068	100	medium	dbebe4d8-2600-4eb1-826b-8b2ae16e0418	\N	38c049fc-1e4e-4713-a388-0ddfc8240d92
3af59651-85e0-4f11-bbfc-b3923133bd38	45862c96-b5c3-40c9-bba2-f88ccdd5299d	530e5a31-cbd6-4972-9e80-7add3595337b	iPhone X(MQA92LL/A)	Не реагує на дотик 	paid	2024-12-06 10:28:46.100854	DNPWL5S5JCL7	0	Виконаний ексренний перезапуск, чистка динаміків і гнізда зарядки	10	medium	4727aa0a-bc04-49dd-96c3-351afdc61349	2025-01-04 23:00:00	95e94d8f-c675-4799-b201-fff9d702c670
3236eec7-0faa-4769-b3c7-ba1e376e4e0f	5d3b3249-cfb2-4a49-a064-e1e1a4f2c80c	2a96282f-e21f-4738-af33-cea6a72ddff0	dcdcds	33	inbox	2024-12-06 13:04:27.362144	33	0	\N	0	medium	\N	\N	46d036ed-1c08-4e2d-983d-87bdae1cac37
1aaede3a-17de-49e2-b4a2-721ffa147561	2effc986-7e2a-4289-a64f-50ff281d710e	c8832f68-6611-4b50-a5ab-7a9bf23653f5	Ноут самсунг и ноут леново	Самсунг не включается\nЛеново не видит вайфай	done	2024-12-05 10:20:24.55529	0000	0	\N	850	medium	\N	\N	a19b13d4-cbb5-46d3-ae19-88a89c75b3c3
2c291351-9b13-4a36-828c-9f8ee1cc8d49	2effc986-7e2a-4289-a64f-50ff281d710e	c8832f68-6611-4b50-a5ab-7a9bf23653f5	Навушники JBL	Заміна аккумулятора	done	2024-12-03 12:39:06.297588	00000	0	\N	0	medium	\N	\N	c851e1fb-78ae-4737-a4f6-d17ca9283b5b
81d929ee-dc3e-401b-a9d5-95a320414e85	2effc986-7e2a-4289-a64f-50ff281d710e	c8832f68-6611-4b50-a5ab-7a9bf23653f5	планшет пиксус и dell 5540	списывались в вайбере	done	2024-12-10 15:34:17.41231	0000	0	\N	0	medium	\N	\N	f264a508-bc92-476d-af76-c5029d686c15
4753843c-7178-49a5-adc5-0381596c54f7	2effc986-7e2a-4289-a64f-50ff281d710e	c8832f68-6611-4b50-a5ab-7a9bf23653f5	samsung s21 ultra	переклеять заднее стекло, заплатил уже за него 147грн отправка в пятницу https://vseplus.com	inbox	2024-12-18 11:12:54.639495	0000	0	\N	0	medium	\N	\N	f264a508-bc92-476d-af76-c5029d686c15
c0a624d5-f271-4a65-8460-376e833012e8	696063e5-459b-4dfe-9f95-dc34225e88b6	c77357f8-8bdf-4b74-ab00-b48473af4921	566565	54654	inbox	2024-12-30 10:02:12.833898	6546546	656536	\N	0	medium	\N	\N	6669002a-8f0e-4555-9eec-a9aced71669b
588f7fb5-2b68-4993-b41d-efa191e5a208	2effc986-7e2a-4289-a64f-50ff281d710e	c8832f68-6611-4b50-a5ab-7a9bf23653f5	raf аэрогриль	замена кнопи заказал кнопку 0982113021\nкнопка стоит 89грн без доставки	done	2024-12-09 10:20:13.619502	0000	0	заказал кнопу здесь\nhttps://prodetal.in.ua/ua/p1374927434-mikrik-dlya-lantsyugovoyi.html?source=merchant_center&gad_source=1&gclid=Cj0KCQiAx9q6BhCDARIsACwUxu4fJMoQVlo3LdkAsf0zuXGC2lkm9NSSIFqtazH41dUlSCg1BQfUtEoaAoHbEALw_wcB\nПолучил кнопку заплатил 177грн	500	medium	\N	\N	9212e75f-f7bf-4e92-be92-861b57e4726d
bfb400ef-d9fe-4256-ba4e-bf3dcb27a0f7	2effc986-7e2a-4289-a64f-50ff281d710e	c8832f68-6611-4b50-a5ab-7a9bf23653f5	ноутбук hp замена батареи	Заказал в all batery  на Кириченко Татьяну ттн: 20451058368674	done	2024-12-10 10:05:41.703462	0000	0	\N	0	medium	\N	\N	93618083-e29e-46c4-b6c7-888f3b774e50
786bd39d-1dd1-4389-877f-f2ddaf5521ad	2effc986-7e2a-4289-a64f-50ff281d710e	c8832f68-6611-4b50-a5ab-7a9bf23653f5	джостик play station 5	яна пиво 	done	2024-12-10 15:31:52.746473	0000	0	\N	0	medium	\N	\N	738b0d8f-6591-477b-a1b0-724ba7366ac2
bcd25b29-33a3-4272-beaf-7f253f71d9f0	2effc986-7e2a-4289-a64f-50ff281d710e	c8832f68-6611-4b50-a5ab-7a9bf23653f5	монитор	е	inbox	2024-12-14 12:34:49.7221	0000	0	\N	0	medium	\N	\N	52303f71-0ae5-4d2c-a5fa-900b4eb318fa
b2baab38-731c-45d6-aa8d-c0e0c90c34b0	2effc986-7e2a-4289-a64f-50ff281d710e	c8832f68-6611-4b50-a5ab-7a9bf23653f5	Повер банк	Договорился за работу 300грн	done	2024-12-12 11:01:35.435479	00000	0	\N	0	medium	\N	\N	5a50cbc2-b646-40b8-bcfd-b005f800b5d6
4572ea55-e044-4057-a069-6f87fe16c420	2effc986-7e2a-4289-a64f-50ff281d710e	c8832f68-6611-4b50-a5ab-7a9bf23653f5	два телефона самсунг	А015\nзарядное 106грн\nбатарея 468 грн\n350грн работа\nА02S: дисплей иле 680грн иле 556грн, замена дисплея 700грн	inbox	2024-12-12 11:04:43.880239	00000	0	В итоге: А02 дисплей 557грн замена 700грн.  А015: дисплей 637грн, лоток 42грн, зарядная плата 106грн, акб 478.	0	medium	\N	\N	8e546315-6c84-4995-b82e-7004274bc6ab
e481b511-648a-4c59-aeb2-1b21b41e020c	45862c96-b5c3-40c9-bba2-f88ccdd5299d	530e5a31-cbd6-4972-9e80-7add3595337b	Samsung Galaxy S20 FE (SM-G780G) 128 Gb	Побитий дисплей	paid	2024-12-10 22:11:36.925586	S/N: RF8T30F07MT	0	Замовлений дисплей оригінал: 115,46 €\nЗахисне скло зі складу: 1,42€\nОголошена ціна: 150€ \n145€ за дисплей\n5€ за захисне скло\nЗаробіток: 33,12€	0	medium	4727aa0a-bc04-49dd-96c3-351afdc61349	2025-01-08 23:00:00	8a958b1e-af80-495b-9c81-153fb64868ee
\.


--
-- Data for Name: tickets_users; Type: TABLE DATA; Schema: public; Owner: default
--

COPY public.tickets_users (ticket_user_id, ticket_id, user_id, assigned_at) FROM stdin;
\.


--
-- Data for Name: users; Type: TABLE DATA; Schema: public; Owner: default
--

COPY public.users (user_id, company_id, role, email, password, name, created, phone, description, is_active) FROM stdin;
efdc1ee5-448c-4883-9662-b76b0fca8b8a	8e23e9e6-587f-4ec1-89fc-23a93f9e120b	owner	igortest@email.com	$2b$10$RoUoJJu98Lb6JpCQeAnteuvIUBHh6n1K9KdfeJYPqN6M69eTehiba	\N	2023-08-31 13:18:42.892014	\N	\N	t
29022f3b-60bd-4531-8f93-f9ecee9d7c52	197fa97a-0455-4278-92e5-9afb2f94a551	owner	igortest1@mailinator.com	$2b$10$vBcb3dCJvy/30T8EbNpVuuLetzDXFL8aV8TNyXE1stiNX2lJzFLrK	\N	2023-08-31 14:25:27.024806	\N	\N	t
644de1a0-9307-4daa-a063-91107b03139c	906fa72c-4a31-43bc-a059-ade2b052e137	owner	kasianenkol@gmail.con	$2b$10$sBAuAypGU7ispbV2pizz1e5Yc1PJPy8WQFZLK5zL0Hb1bFEu0kVbe	\N	2023-08-31 15:20:58.934567	\N	\N	t
f5a0577e-6c7e-4453-b420-50e3b5ce55a2	871e02ec-7dfb-4913-bd2d-edd4542c0a20	owner	igortest@mailinator.com	$2b$10$4W2OB3IiiBlCS150Wgy/1eywoMKOhJZpchNB2ScF.uaf5L6g1LIF6	\N	2023-08-31 14:25:21.485374	\N	\N	t
c16415ea-2070-4e4b-8f3c-cb31853447f1	e0840a80-57f0-472d-9689-263df04c18f6	owner	eldartest@mailinator.com	$2b$10$of4K5PM6affDmQhcNZUNeOBpStZdBdT5Hvx0QnvWXKLdg6Lcqs1vC	\N	2023-08-31 16:03:34.496203	\N	\N	t
3184fba6-af13-42ff-8984-8612addafe60	ad9287d0-283d-4e10-996c-c2eb4eb33ac0	owner	ioleksiicom@gmail.com	$2b$10$EzvBDJblM9g7iPuFLJPrgOOFLQ.Qww9WjMKHV/96YyAAYnASjjUhC	\N	2023-08-31 16:45:20.995277	\N	\N	t
6de40559-b6c2-422b-b3cc-bd8aa6d3bd41	a174c96b-6e20-4d5a-b122-9748ec08761c	owner	Igortest@mailinator.com	$2b$10$rgarWoXTZSfHgjCiBGmFhuyBx0UPozWiasViNhB0tLoJy7djfaZ8W	\N	2023-08-31 21:55:03.613998	\N	\N	t
b0efd502-564b-479f-ab6d-9c934cf2987a	b61ef24e-4ae5-4554-b034-654867f73e2b	owner	igor21@email.com	$2b$10$kEyM6ib6m.l.a6LGbYO48edg9JfL4ZZ2e5cCsA72gD0.H5z4JMFUm	\N	2023-09-01 22:06:25.35779	\N	\N	t
ad6c2e4d-1902-4b36-a614-6bfaf99a4bd6	a592861c-9c46-46a0-a32a-7f06ed724545	owner	igor29@email.com	$2b$10$7g94QJatZhDl6K9yMtG5jOmBtU3W21ArmVoONRGO58YBvibjw8jjW	\N	2023-09-01 22:10:55.057713	\N	\N	t
5fb866d3-4c00-43b6-8377-4b9b63fac018	a536f2f2-382e-401f-8a2e-97f7cddcaa3d	owner	igor26@email.com	$2b$10$06QVUqb4OZjuSMvwvncTneCs1MCpwueP08KovaM8QqD8KAi6znpoC	\N	2023-09-05 19:03:26.874734	\N	\N	t
567a38c2-d054-4686-9f22-99b5cc663eb0	c8361233-55d7-48bb-93ed-c41c075b3985	owner	igor27@email.com	$2b$10$DIcWFsN7Rb4m7vZTpyya7uS8l67R16wD8OeIxK3R.XyWxElXgwR82	\N	2023-09-05 19:16:48.91001	\N	\N	t
18ac3405-bdc4-419e-a821-46cada05c14e	9f8bf648-79c9-42be-8f48-77fde0088a0b	owner	igor31@email.com	$2b$10$rrOvJst5XLdeH5Rma4.t..3QUhq36thGpxBoBQ/5SRXEI2VDTPpzC	\N	2023-09-05 19:41:29.062939	\N	\N	t
6ae3a0ac-61b0-45ec-a849-fd416cf0e861	f2910dde-fb60-4af7-87b1-4c8e94823740	owner	igor36@email.com	$2b$10$rKW6cPVpMrwzWwD/oTC3uuqIS/AeKj9oD4EZhefl3MUu2aj1HgbHC	\N	2023-09-05 19:55:58.001781	\N	\N	t
3301b6c7-eae6-418b-a96f-78a8fa686fce	4904ff82-a0eb-45a5-bea3-099299ae7bdf	owner	igor37@email.com	$2b$10$LF2Trkc7/Mw0FrHj0jBNjOuR1dI2zoQrpP7iNNvHMZlkFCGIiUdlS	\N	2023-09-05 19:58:37.459003	\N	\N	t
6d215a8c-cc39-4955-8b64-6bdfe9521bf3	38225247-a1ee-44b0-be3d-e1c617a99fa2	owner	igor38@email.com	$2b$10$bkqNbvvxAVvKFbyTLdGGNOvszF/I63ZlmswtBaFN5J8kNSAOJ2swe	\N	2023-09-05 20:00:12.700114	\N	\N	t
e22bd99f-9ecd-4a5b-8c3e-8be2717a2945	2f3606ac-0e84-482d-a99e-8a93668fc4a7	owner	igor39@email.com	$2b$10$wHRUq1NPSyZcVuutsU08tuJLMURd/drqwbMNzRUDV/Il2hi3BY1AC	\N	2023-09-05 20:01:14.943858	\N	\N	t
449e8041-d017-4247-8ac8-a0fe4b846b6c	49a459df-ff3e-4a78-b553-2c184928c475	owner	igor40@email.com	$2b$10$RT0SvH8g8Fqc8RyhdVGNYOoSsf66T1p4FZp/FLg1bAJyqWs0eEK4K	\N	2023-09-05 20:02:50.005006	\N	\N	t
7b20d8a6-7d52-4493-8996-22bc61849525	529284c8-3b6d-4a92-8429-425a3f059448	owner	igor42@email.com	$2b$10$OB9FI8M7BBl0.mmMAvJDn.39/Qay2R4yh0KT4SEWCqRJkZbwP.Qhe	\N	2023-09-05 20:04:01.478227	\N	\N	t
f6f1ed25-b59e-4c53-b2f1-e790dbb2ce77	0a61c8c1-07a8-455f-97d0-cffeefbd74bf	owner	igor43@email.com	$2b$10$Y9RVmB4AVGYO7AwvSaI6OeHChsWBjPuVwCNabjrHa6HGHPMyfipKS	\N	2023-09-05 20:04:39.016441	\N	\N	t
5f9804ab-099c-47f0-ba8e-18604ad69da8	bf286358-15f4-4fc3-97da-22d29cd7d97e	owner	igor44@email.com	$2b$10$n7Lztlv2/Z8AFOiHzpETTOOIBNLD9HRb262R91N7sIdfd5rXCHSVy	\N	2023-09-05 20:05:03.722311	\N	\N	t
e0b5531c-3cbe-4193-9cba-fbda7f2fffcb	0306ac24-e860-43e9-9d69-d9179d70e295	owner	igor45@email.com	$2b$10$F9bWZCX.6i0gei/ds8c5LOhjvorBoS1QD1g2l/E1QTpJ9h14QUvju	\N	2023-09-05 20:05:38.496285	\N	\N	t
632a54af-99a4-490a-aadd-2ceaacfc7b91	690a34b4-e15c-48fd-b88d-270cd893b519	owner	igor46@email.com	$2b$10$h7g9HR/tcLHPFEooVUolb.esIU5fLDuf9YMK5BmKW0LH9QveKYfgq	\N	2023-09-05 20:07:00.167044	\N	\N	t
db5f6bbf-ca09-4cd9-b6eb-f69959248fd9	f2a7b827-60d7-45c5-9f91-2db431d5be39	owner	igor56@email.com	$2b$10$Ryxnta.zWeYDfOvni4q6iu58V5JhkJtUOAfSNUw1spti6tOMpKvGu	\N	2023-09-05 20:24:02.202826	\N	\N	t
f178b4ce-8cac-4a6a-b212-de58e6fd2a17	095a9200-d015-4b86-a93b-b95556fa98f9	owner	igor288@email.com	$2b$10$RvpOUf7kgzpNr4S6VfDDvOJzIRLU1AQfCwVS3m2jTtC5l7gjbZKB6	\N	2023-09-05 20:24:12.81747	\N	\N	t
0fe203d3-b34e-47af-952e-6b6047b010ce	1b5475bd-0c60-44c8-b75a-37298b4a1d50	owner	igor26r@email.com	$2b$10$bB/zv2vcBHvIIFaeTZuqie/SDdcdPIfLLoHRg.POf4/A0aNFuNpNS	\N	2023-09-05 20:41:31.115108	\N	\N	t
2cc2857d-b655-4aca-b225-90d55bc4af22	9660c784-8dc8-4d5a-94a0-239d553f022f	owner	igor444@email.com	$2b$10$Ra79Fm273ec9Ys7iTmA8XOgd0V4eqQfAJwa5V/MIZTq.D103Avwn2	\N	2023-09-05 20:43:12.547457	\N	\N	t
4636c150-a0c2-4ef7-a9a9-af6c5e7cd45f	2bde436e-afbc-4cca-bca3-bdf38df21614	owner	igor2446@email.com	$2b$10$KuxReExTEE9tZW//uaZIa.3nJRZv6eTKF9JY8TC1ZZ/XX62u7H0Hi	\N	2023-09-05 20:43:44.125186	\N	\N	t
0e8a4344-1263-4333-a49b-dc20848dfc9f	1032dde0-cd26-4a9b-84b9-6d23e58aec84	owner	igor76@email.com	$2b$10$6gkV9igNjCY3abKH6IXMK.sm00cYGlfkw15EvnZyYUMYtcCu16lom	\N	2023-09-05 20:50:27.385666	\N	\N	t
d7fddd76-3d3c-4985-8129-b036dd4053d8	45fa7f2e-5a63-4caa-8d9a-11d67a7d8b3a	owner	igor264@email.com	$2b$10$55WGqTWR5wv1gFaPBQZF/.URjqfBpwey0Z2UTjRM2z13Drblkac1y	\N	2023-09-05 21:21:46.208292	\N	\N	t
aeb45a89-6d5e-4267-bc02-69b31efcf545	0d5a4445-5f76-415c-9dc4-5dc19d87c8e0	owner	igor86@email.com	$2b$10$7B0sOT7.INyeoPZ/hk.YWuszkNo0TVF1hrg7DwjGPdeP2CJHiZ1XW	\N	2023-09-06 11:01:55.369283	\N	\N	t
99bc62a2-9ba0-4976-8ea9-93f01a64d35b	6682f995-239b-4e11-a196-254f3aa9345b	owner	igor226@email.com	$2b$10$3obISy5cjOx9E8P.PkZlfOiB5i24HIHgczmlK1/2TdhZnEgSDSOf6	\N	2023-09-06 11:05:49.8873	\N	\N	t
b8db90ca-099a-4eeb-99ac-79cda5584830	674a8b36-088d-4559-b109-f2ea54e5c92a	owner	igor2555@email.com	$2b$10$zc6HzbZY.deYNjpqIAi/2OrcMI1P.Qi/f2Yy6jxRsI2gcjsd4MWo6	\N	2023-09-06 11:09:36.460959	\N	\N	t
d14ab0a2-66ff-4385-a563-0ab62146f039	44f27d4c-ef31-44de-9f4d-85f5aa01d4e1	owner	igor2rrr@email.com	$2b$10$6KGLAMhpICh8CnrF9tUTY.tdeEdsDMct6JNBPXf5PMN67k7xhecv6	\N	2023-09-06 11:29:04.751318	\N	\N	t
d053dadc-964a-46af-aeb9-c0972db2974c	cbbce287-5f22-4aff-81d2-f0058f0734e8	owner	igor255@email.com	$2b$10$OT0nLPVzm1jLzaYw1Qc71ujujCiIEckn3l6b1rv56ZBebOJVfj6o6	\N	2023-09-18 16:23:21.220037	\N	\N	t
e7a700b5-356b-48f5-b85d-ca894f71e35a	0937b068-40ec-4e37-8ca4-cb6afa6dfb51	owner	igorgo@mailinator.com	$2b$10$PwMdKUDBHPyPdfvvdvgehOuIHiS4jK0HVlFTWsTeCEipISjuA7V26		2023-11-01 19:33:27.73356			t
907e8943-3460-47e3-86b0-5cb0c7afdab1	014776db-cb01-4927-9555-00fc0b7db125	owner	igor233@email.com	$2b$10$hUNsHB314BDvy0ux.bQ6Lufr7nSnbb4mlAMqX.QtHsHq6Dj2XtGCK		2023-09-28 17:00:18.151791			t
806fb1f3-c001-478f-b94a-983296298260	97bf09df-665c-4e52-8222-2eed41096b9c	owner	storozhukua444@gmail.com	$2b$10$3XOCntu.z4MuPCqcIQ87PebaFwfZUa0KXo2xDzBApMKjDzw5L9hba		2023-09-28 17:10:49.743418			t
0130a5d0-9195-4584-9ed5-bac4df0e59fe	8ac8b2e8-97a6-40f0-ac09-4c03317b7ad7	owner	storozhukua4445@gmail.com	$2b$10$AWfMzTT5VjIg8/Rvrs9pMeL1Vq.7xjYFksk01kNiQorECPVkMu0mq		2023-09-28 17:14:37.744956			t
7014bb7b-b08f-4fd2-aeba-7b454a53ccb7	fa865696-de15-4897-93ed-686d34448ca9	owner	storozhukua43@gmail.com	$2b$10$y8IglrGxx89KWBXv0mCgzeD/rz61BdAsCCYYkeL2mGtkDeJasL4k2		2023-09-28 17:12:57.927797			t
bd03ab15-28d1-4b2c-8aac-2d3910384c80	8b5d23a5-52be-4098-bd47-0918b0d130b6	owner	igor2@email.com	$2b$10$NNdRymjqzsel.2WiTPjvZ.lRzZJrrPR6jVhmyv1J86Uxz8YZy8F9e	igor2	2023-08-31 13:44:06.715557	23232323228	notice000	t
da3cfccf-0871-42cf-8e35-79b053349ec7	8b5d23a5-52be-4098-bd47-0918b0d130b6	employee	storozhukua@gmail.com	$2b$10$m/Qo11QzXFDMcg50hMjFSOfVKzqmIKxVboJepA/6dHqzRaawWVLMC	igor storozhuk	2023-09-21 21:26:22.284256	0991232499	desc	t
4a8ec0ce-e387-4dac-800b-2b14299d45c1	409d124c-5146-4015-98d4-904a42b11447	owner	igortestgo@email.com	$2b$10$r49rWhiDGvUwCh.ewt34UemTa5.RUvYKOOHuCMjafvx0FbeWi8DiK		2023-12-08 08:20:27.845211			t
8dc976d4-4459-49ec-8599-787c97c412a5	7a579c63-f747-4f7d-bed3-0bc597eb6b44	owner	vyshamirskiy@gmail.com	$2b$10$rvwwu/zV7SftCfRD0ALaxut8Fijf3oeXEaJL2lpDpLH1CjV.xAKYe		2023-12-09 10:35:56.590273			t
0df711b7-f9ba-4500-8b70-d734ef423f5b	11a29887-2d8b-4c8a-9480-9f501caf1ddc	owner	Oleksij.mnyh@gmail.com	$2b$10$AiSe61ZkrwybG2I01gCdaOAfsCAsyQ5j8O.QnT4pEsp1yGpcW3LHS		2023-12-09 18:03:36.827481			t
f5fe9252-29ba-4093-acf4-4c2a2656e2a6	0758e385-bb44-4baa-bfa5-a9904a7c77a5	owner	timelife.rv@gmail.com	$2b$10$7Gq4rya3NjQwXGKhVElpI.pcNpBpLstU7FYI/J6yIMCoSTZoiSypC	My	2024-01-31 15:16:11.690604	0960077925		t
1858c7a8-2171-449a-86de-0231cd1b9f01	be349ba0-26e6-40be-97b4-6332a91c9aaf	owner	03-prisons-prances@icloud.com	$2b$10$lwpLt6q7mMJ.TSBg39xEquaDsbx44M/ou1tWqQUOStFnQVQaiVPUO		2024-02-13 11:27:30.125902			t
4727aa0a-bc04-49dd-96c3-351afdc61349	530e5a31-cbd6-4972-9e80-7add3595337b	owner	egor.ua228@gmail.com	$2b$10$yJtQYLbVRD5qsyZJcKMqv.Rr77QcSlHrPTIGBG4dOJuRDZLq6zuUO		2024-09-03 20:36:08.052008			t
ee85d1a9-d80c-4f5f-b166-52a34e0d9e73	f6936ca7-c5ff-4f4c-b3e1-ad2253369941	owner	bunya20200@gmail.com	$2b$10$O.HXI3TGFc//JCsmbGkEKuCGABFeEiQWnk6//If8n.UXNkEdDio7C		2024-09-17 20:58:09.101841			t
4e58860a-a76c-4f15-b829-05300257a26b	0f0b49c7-8a8e-48cf-9aea-a337bc1d70a9	owner	storozhukua02@gmail.com	$2b$10$0VUYCQZlZfLe1AXXmGvnq.yVbZnthfZbXAhpCCTaO2w4B12EK6l7K		2024-09-17 21:19:40.040936			t
98d5fc31-e39e-41f5-97e3-3d1809542f1e	95fa2197-9804-4816-86e9-e4a0b2d563f1	owner	storozhukua03@gmail.com	$2b$10$S4kq7PMljhuZxqIiA.wosOC54/riiEC5Kmic3hB5L6o.HfD7lvUmm		2024-09-17 22:11:23.698254			t
7b511356-cebc-44f2-bce9-b2d59b9c096e	6e211cb2-0f2f-46ba-af48-d566784116a9	owner	storozhukua04@gmail.com	$2b$10$eoMnFtXm08PZ7IoMnCb1c.pNV.voOq4BPLPiuKbyBNJIlDYk9z/1u		2024-09-17 22:30:41.146014			t
0bcf09a7-2081-43ee-86e0-e45809efb487	21872916-d1fa-4ffb-bd64-ffe50731962a	owner	storozhukua05@gmail.com	$2b$10$8uVdWPfoomEKKLqsG0HJD.rXRQobNarPKQywYuAyEKGdIbT.98DXS		2024-09-17 23:13:47.547478			t
dc980801-a06f-428b-b46b-fd5b41ef6939	636f2c1f-d194-4955-b2c0-415b54427f32	owner	bumer89@ua.fm	$2b$10$pBjGk3uFM4Cyf314AjSNXuuCbtyCkhuHVnGM9w405pFGF3NuauEC6		2024-10-15 13:31:31.615231			t
72bcbb87-ce96-45f5-908b-9dc4312eef72	b80db167-d899-4404-9740-43fe7a2c3fcf	owner	aiso3455@gmail.com	$2b$10$4k7fGDuOivAX3arSNspoeuHrWq3E2aeBukUM22jInzkyfEmF5CtMK	Ярік	2024-11-08 14:14:07.595878	0989644979		t
dbebe4d8-2600-4eb1-826b-8b2ae16e0418	c8832f68-6611-4b50-a5ab-7a9bf23653f5	owner	fierix.pro@gmail.com	$2b$10$/V7mkfRC0wSRkN40NBz0Oeh.wNvvqm2cgxWZz3BQUZOaXzHvAwHIy	Дмитро Огієнко	2024-12-03 12:35:45.564214	0965848876.0507087016	Проспект Ново-Баварський 89, 1 поверх	t
563f691f-2c7f-4722-97d6-8e573ca63073	2a96282f-e21f-4738-af33-cea6a72ddff0	owner	igor09@mail.com	$2b$10$gVA/rxD4dzLMzFWAH3Ch7.EDqU5hRP/SMbVTu7IwVPHOW5laL5ILC		2024-12-06 13:02:41.874738			t
5f56838b-4fd4-4ede-a316-b26e86d71dff	8900eb25-2abb-4b57-86a1-74578903accf	owner	igor10@mail.com	$2b$10$MskJeFU8osjrxHJlU0Y.i.r72Kjemmxqg9cQZBkIwdxV7QAw6sHIS		2024-12-06 13:05:22.052079			t
90504850-450f-405f-80c7-f1b3c509d61c	c77357f8-8bdf-4b74-ab00-b48473af4921	owner	igor04@mail.com	$2b$10$uTY96/68i97TxmV7XsdRKOAI2/sfU72BywsY47Ecdwznx3kSPmlxu		2024-12-30 10:01:29.814882			t
\.


--
-- Name: clients clients_pkey; Type: CONSTRAINT; Schema: public; Owner: default
--

ALTER TABLE ONLY public.clients
    ADD CONSTRAINT clients_pkey PRIMARY KEY (client_id);


--
-- Name: company company_pkey; Type: CONSTRAINT; Schema: public; Owner: default
--

ALTER TABLE ONLY public.company
    ADD CONSTRAINT company_pkey PRIMARY KEY (company_id);


--
-- Name: points points_pkey; Type: CONSTRAINT; Schema: public; Owner: default
--

ALTER TABLE ONLY public.points
    ADD CONSTRAINT points_pkey PRIMARY KEY (point_id);


--
-- Name: tickets tickets_pkey; Type: CONSTRAINT; Schema: public; Owner: default
--

ALTER TABLE ONLY public.tickets
    ADD CONSTRAINT tickets_pkey PRIMARY KEY (ticket_id);


--
-- Name: tickets_users tickets_users_pkey; Type: CONSTRAINT; Schema: public; Owner: default
--

ALTER TABLE ONLY public.tickets_users
    ADD CONSTRAINT tickets_users_pkey PRIMARY KEY (ticket_user_id);


--
-- Name: users users_email_key; Type: CONSTRAINT; Schema: public; Owner: default
--

ALTER TABLE ONLY public.users
    ADD CONSTRAINT users_email_key UNIQUE (email);


--
-- Name: users users_pkey; Type: CONSTRAINT; Schema: public; Owner: default
--

ALTER TABLE ONLY public.users
    ADD CONSTRAINT users_pkey PRIMARY KEY (user_id);


--
-- Name: clients clients_company_id_fkey; Type: FK CONSTRAINT; Schema: public; Owner: default
--

ALTER TABLE ONLY public.clients
    ADD CONSTRAINT clients_company_id_fkey FOREIGN KEY (company_id) REFERENCES public.company(company_id);


--
-- Name: points points_company_id_fkey; Type: FK CONSTRAINT; Schema: public; Owner: default
--

ALTER TABLE ONLY public.points
    ADD CONSTRAINT points_company_id_fkey FOREIGN KEY (company_id) REFERENCES public.company(company_id);


--
-- Name: tickets tickets_assigned_at_fkey; Type: FK CONSTRAINT; Schema: public; Owner: default
--

ALTER TABLE ONLY public.tickets
    ADD CONSTRAINT tickets_assigned_at_fkey FOREIGN KEY (assigned_at) REFERENCES public.users(user_id);


--
-- Name: tickets tickets_clients_fkey; Type: FK CONSTRAINT; Schema: public; Owner: default
--

ALTER TABLE ONLY public.tickets
    ADD CONSTRAINT tickets_clients_fkey FOREIGN KEY (client_id) REFERENCES public.clients(client_id);


--
-- Name: tickets tickets_company_id_fkey; Type: FK CONSTRAINT; Schema: public; Owner: default
--

ALTER TABLE ONLY public.tickets
    ADD CONSTRAINT tickets_company_id_fkey FOREIGN KEY (company_id) REFERENCES public.company(company_id);


--
-- Name: tickets tickets_point_id_fkey; Type: FK CONSTRAINT; Schema: public; Owner: default
--

ALTER TABLE ONLY public.tickets
    ADD CONSTRAINT tickets_point_id_fkey FOREIGN KEY (point_id) REFERENCES public.points(point_id);


--
-- Name: tickets_users tickets_users_ticket_id_fkey; Type: FK CONSTRAINT; Schema: public; Owner: default
--

ALTER TABLE ONLY public.tickets_users
    ADD CONSTRAINT tickets_users_ticket_id_fkey FOREIGN KEY (ticket_id) REFERENCES public.tickets(ticket_id);


--
-- Name: tickets_users tickets_users_user_id_fkey; Type: FK CONSTRAINT; Schema: public; Owner: default
--

ALTER TABLE ONLY public.tickets_users
    ADD CONSTRAINT tickets_users_user_id_fkey FOREIGN KEY (user_id) REFERENCES public.users(user_id);


--
-- Name: users users_company_id_fkey; Type: FK CONSTRAINT; Schema: public; Owner: default
--

ALTER TABLE ONLY public.users
    ADD CONSTRAINT users_company_id_fkey FOREIGN KEY (company_id) REFERENCES public.company(company_id);


--
-- Name: DEFAULT PRIVILEGES FOR SEQUENCES; Type: DEFAULT ACL; Schema: public; Owner: cloud_admin
--

ALTER DEFAULT PRIVILEGES FOR ROLE cloud_admin IN SCHEMA public GRANT ALL ON SEQUENCES TO neon_superuser WITH GRANT OPTION;


--
-- Name: DEFAULT PRIVILEGES FOR TABLES; Type: DEFAULT ACL; Schema: public; Owner: cloud_admin
--

ALTER DEFAULT PRIVILEGES FOR ROLE cloud_admin IN SCHEMA public GRANT SELECT,INSERT,REFERENCES,DELETE,TRIGGER,TRUNCATE,UPDATE ON TABLES TO neon_superuser WITH GRANT OPTION;


--
-- PostgreSQL database dump complete
--

